node_id,type,name,n_passages,degree,weighted_degree,betweenness,community,year,dynasty,drug_category,meridian,source,indication,anchor_category,anchor_name_zh
中医病名::骨痿,中医病名,骨痿,895.0,896,158.016,0.29826,,,,,,,,,
中医病名::骨枯,中医病名,骨枯,417.0,418,75.425,0.08173,,,,,,,,,
中医病名::骨痹,中医病名,骨痹,422.0,423,17.78,0.08668,,,,,,,,,
中医病名::骨空,中医病名,骨空,299.0,300,50.297,0.06101,,,,,,,,,
中医病名::骨极,中医病名,骨极,233.0,234,19.896,0.02655,,,,,,,,,
中医病名::骨虚,中医病名,骨虚,151.0,152,14.827,0.00852,,,,,,,,,
中医病名::骨折,中医病名,骨折,190.0,191,8.592,0.03839,,,,,,,,,
中医病名::骨蚀,中医病名,骨蚀,53.0,54,7.028,0.00125,,,,,,,,,
中医病名::骨断,中医病名,骨断,43.0,44,0.985,0.00166,,,,,,,,,
中医病名::骨缩,中医病名,骨缩,17.0,18,1.97,0.0003,,,,,,,,,
中医病名::骨疏,中医病名,骨疏,10.0,11,1.328,0.00182,,,,,,,,,
中药::牛膝,中药,牛膝,132.0,141,34.876,0.00743,C1,,,补肾壮骨药,,,,,
中药::杜仲,中药,杜仲,106.0,116,28.552,0.00409,C2,,,补肾壮骨药,,,,,
中药::当归,中药,当归,108.0,114,25.201,0.00363,C0,,,活血化瘀药,,,,,
中药::熟地黄,中药,熟地黄,93.0,99,25.98,0.00249,C5,,,补虚药,,,,,
中药::生地黄,中药,生地黄,80.0,85,17.072,0.0024,C0,,,清热药,,,,,
中药::虎骨,中药,虎骨,81.0,83,14.578,0.00134,C1,,,补肾壮骨药,,,,,
中药::肉苁蓉,中药,肉苁蓉,64.0,67,16.867,0.00069,C2,,,补虚药,,,,,
中药::鹿茸,中药,鹿茸,75.0,78,17.033,0.00355,C4,,,补虚药,,,,,
中药::茯苓,中药,茯苓,70.0,79,23.965,0.002,C3,,,理气药,,,,,
中药::骨碎补,中药,骨碎补,49.0,50,8.859,0.00246,C2,,,补肾壮骨药,,,,,
中药::山药,中药,山药,57.0,63,18.612,0.00079,C3,,,补虚药,,,,,
中药::五味子,中药,五味子,66.0,70,17.822,0.00118,C4,,,收涩药,,,,,
中药::黄柏,中药,黄柏,47.0,55,16.444,0.00108,C3,,,清热药,,,,,
中药::白术,中药,白术,62.0,67,15.817,0.00237,C0,,,补虚药,,,,,
中药::白芍,中药,白芍,63.0,70,17.632,0.00148,C0,,,补虚药,,,,,
中药::附子,中药,附子,69.0,76,15.9,0.00191,C0,,,温里药,,,,,
中药::知母,中药,知母,48.0,53,14.792,0.0005,C3,,,清热药,,,,,
中药::肉桂,中药,肉桂,64.0,71,14.729,0.00186,C0,,,温里药,,,,,
中药::黄芪,中药,黄芪,58.0,62,14.894,0.00079,C0,,,补虚药,,,,,
中药::人参,中药,人参,65.0,71,15.563,0.00103,C0,,,补虚药,,,,,
中药::山茱萸,中药,山茱萸,54.0,61,17.665,0.0011,C3,,,补虚药,,,,,
中药::续断,中药,续断,52.0,55,9.472,0.00185,C1,,,补肾壮骨药,,,,,
中药::菟丝子,中药,菟丝子,39.0,43,10.756,0.00083,C2,,,补虚药,,,,,
中药::枸杞,中药,枸杞,50.0,51,10.956,0.00051,C4,,,补虚药,,,,,
中药::茴香,中药,茴香,46.0,47,10.794,0.00119,C4,,,温里药,,,,,
中药::萆薢,中药,萆薢,24.0,32,13.297,0.00048,C2,,,利水渗湿药,,,,,
中药::补骨脂,中药,补骨脂,47.0,48,8.242,0.00123,C2,,,温里药,,,,,
中药::麦冬,中药,麦冬,37.0,41,11.071,0.00091,C5,,,清热药,,,,,
中药::龟板,中药,龟板,37.0,40,10.01,0.00095,C1,,,补虚药,,,,,
中药::防风,中药,防风,42.0,45,9.448,0.00081,C2,,,祛风湿药,,,,,
中药::甘草,中药,甘草,36.0,44,12.657,0.00252,C0,,,补虚药,,,,,
中药::泽泻,中药,泽泻,26.0,34,12.056,0.00086,C3,,,利水渗湿药,,,,,
中药::鹿角,中药,鹿角,29.0,30,6.051,0.00064,C1,,,补肾壮骨药,,,,,
中药::陈皮,中药,陈皮,38.0,41,9.088,0.0009,C0,,,理气药,,,,,
中药::石斛,中药,石斛,29.0,30,6.414,0.00096,C1,,,补虚药,,,,,
中药::独活,中药,独活,38.0,42,8.671,0.00072,C1,,,祛风湿药,,,,,
中药::鹿角胶,中药,鹿角胶,34.0,35,6.419,0.00065,C5,,,补虚药,,,,,
中药::桂枝,中药,桂枝,37.0,41,8.472,0.00075,C0,,,解表药,,,,,
中药::秦艽,中药,秦艽,33.0,35,5.926,0.00049,C1,,,祛风湿药,,,,,
中药::牡丹皮,中药,牡丹皮,21.0,27,9.401,0.00034,C3,,,清热药,,,,,
中药::乳香,中药,乳香,35.0,37,3.854,0.00109,C6,,,活血化瘀药,,,,,
中药::远志,中药,远志,31.0,32,8.329,0.00013,C4,,,化痰药,,,,,
中药::石菖蒲,中药,石菖蒲,32.0,34,9.754,0.00053,C4,,,化痰药,,,,,
中药::黄连,中药,黄连,27.0,29,7.307,0.00023,C1,,,清热药,,,,,
中药::天冬,中药,天冬,25.0,27,6.209,0.00114,C3,,,补虚药,,,,,
中药::酸枣仁,中药,酸枣仁,30.0,32,6.317,0.00048,C5,,,其他,,,,,
中药::大枣,中药,大枣,27.0,31,10.135,0.0018,C4,,,补虚药,,,,,
中药::龙骨,中药,龙骨,33.0,36,7.952,0.0006,C0,,,收涩药,,,,,
中药::龟甲,中药,龟甲,18.0,19,4.461,0.00012,C1,,,补肾壮骨药,,,,,
中药::巴戟天,中药,巴戟天,27.0,29,8.524,0.00035,C4,,,温里药,,,,,
中药::苍术,中药,苍术,19.0,22,6.092,0.00044,C0,,,其他,,,,,
中药::黄芩,中药,黄芩,27.0,29,6.25,0.00024,C1,,,清热药,,,,,
中药::羊肉,中药,羊肉,22.0,23,6.334,9e-05,C1,,,补虚药,,,,,
中药::狗脊,中药,狗脊,25.0,26,3.131,0.00049,C2,,,补肾壮骨药,,,,,
中药::天南星,中药,天南星,16.0,19,5.715,0.00017,C2,,,化痰药,,,,,
中药::锁阳,中药,锁阳,25.0,27,5.355,7e-05,C1,,,补虚药,,,,,
中药::枸杞子,中药,枸杞子,26.0,27,6.337,0.0001,C5,,,补虚药,,,,,
中药::没药,中药,没药,27.0,29,3.501,0.00045,C6,,,活血化瘀药,,,,,
中药::半夏,中药,半夏,23.0,24,3.679,0.00042,C2,,,化痰药,,,,,
中药::木瓜,中药,木瓜,23.0,24,4.004,0.00038,C1,,,祛风湿药,,,,,
中药::紫河车,中药,紫河车,10.0,12,4.024,0.00017,,,,补虚药,,,,,
中药::川芎,中药,川芎,25.0,27,3.385,0.00034,C0,,,活血化瘀药,,,,,
中药::防己,中药,防己,15.0,16,3.459,0.00011,C0,,,祛风湿药,,,,,
中药::山萸,中药,山萸,22.0,22,5.21,0.00122,C1,,,,,,,,
中药::白芷,中药,白芷,11.0,14,5.549,0.00023,C2,,,解表药,,,,,
中药::羊肾,中药,羊肾,12.0,13,3.575,8e-05,C4,,,补肾壮骨药,,,,,
中药::红花,中药,红花,23.0,24,1.85,0.0002,,,,活血化瘀药,,,,,
中药::地骨皮,中药,地骨皮,16.0,17,2.31,0.00031,C3,,,清热药,,,,,
中药::霞天膏,中药,霞天膏,9.0,10,2.882,2e-05,C0,,,补虚药,,,,,
中药::粟米,中药,粟米,6.0,7,1.257,0.00023,,,,其他,,,,,
中药::海参,中药,海参,15.0,16,4.908,4e-05,C1,,,补虚药,,,,,
中药::鱼鳔胶,中药,鱼鳔胶,15.0,16,4.908,4e-05,C1,,,补虚药,,,,,
中药::大黄,中药,大黄,17.0,19,2.995,0.00051,,,,其他,,,,,
中药::细辛,中药,细辛,16.0,18,2.959,0.00059,C0,,,解表药,,,,,
中药::茯神,中药,茯神,18.0,19,3.742,0.0,,,,补虚药,,,,,
中药::益智,中药,益智,18.0,19,3.742,0.0,,,,补虚药,,,,,
中药::自然铜,中药,自然铜,13.0,15,2.584,0.00042,C2,,,活血化瘀药,,,,,
中药::葛根,中药,葛根,13.0,16,5.228,0.00047,C1,,,解表药,,,,,
中药::炙虎骨,中药,炙虎骨,15.0,16,3.328,0.00017,,,,其他,,,,,
中药::败龟,中药,败龟,17.0,18,3.293,5e-05,,,,补肾壮骨药,,,,,
中药::鹿角霜,中药,鹿角霜,16.0,17,3.415,0.00023,C5,,,补肾壮骨药,,,,,
中药::白矾,中药,白矾,12.0,14,3.709,0.00067,,,,其他,,,,,
中药::白及,中药,白及,8.0,9,1.253,0.00038,,,,收涩药,,,,,
中药::干姜,中药,干姜,14.0,17,4.337,0.00017,,,,温里药,,,,,
中药::香附,中药,香附,16.0,17,2.522,0.00037,,,,理气药,,,,,
中药::桃仁,中药,桃仁,15.0,16,1.895,0.00014,,,,活血化瘀药,,,,,
中药::薏苡仁,中药,薏苡仁,13.0,15,4.343,0.00013,C0,,,祛风湿药,,,,,
中药::川乌,中药,川乌,11.0,12,1.738,0.00013,,,,祛风湿药,,,,,
中药::何首乌,中药,何首乌,13.0,14,2.811,7e-05,C1,,,补虚药,,,,,
中药::麦门冬,中药,麦门冬,13.0,15,3.767,7e-05,,,,补虚药,,,,,
中药::芡实,中药,芡实,15.0,16,4.064,8e-05,,,,补肾壮骨药,,,,,
中药::桂心,中药,桂心,10.0,11,1.794,5e-05,C5,,,温里药,,,,,
中药::桑寄生,中药,桑寄生,14.0,17,3.804,0.00023,C1,,,祛风湿药,,,,,
中药::麻黄,中药,麻黄,13.0,14,1.711,0.00029,C0,,,解表药,,,,,
中药::丹参,中药,丹参,14.0,15,1.952,7e-05,C0,,,活血化瘀药,,,,,
中药::金银花,中药,金银花,13.0,14,1.493,9e-05,,,,清热药,,,,,
中药::白茯苓,中药,白茯苓,14.0,14,2.322,0.00063,C5,,,,,,,,
中药::阿胶,中药,阿胶,12.0,13,2.555,5e-05,C5,,,补虚药,,,,,
中药::羌活,中药,羌活,15.0,17,3.135,0.0004,,,,解表药,,,,,
中药::蜂蜜,中药,蜂蜜,12.0,13,1.756,2e-05,C0,,,补虚药,,,,,
中药::破故纸,中药,破故纸,15.0,16,2.298,7e-05,,,,补肾壮骨药,,,,,
中药::丁香,中药,丁香,12.0,13,2.886,0.00013,,,,温里药,,,,,
中药::厚朴,中药,厚朴,10.0,12,3.868,0.00021,,,,理气药,,,,,
中药::苦楝子,中药,苦楝子,11.0,13,4.259,0.00012,C0,,,理气药,,,,,
中药::牡蛎,中药,牡蛎,12.0,14,3.95,0.00013,,,,收涩药,,,,,
中药::元参,中药,元参,9.0,10,2.82,8e-05,C5,,,清热药,,,,,
中药::黄芪（蜜炙）,中药,黄芪（蜜炙）,11.0,12,3.277,2e-05,,,,补虚药,,,,,
中药::延胡索,中药,延胡索,12.0,13,1.883,0.00015,,,,活血化瘀药,,,,,
中药::川楝子,中药,川楝子,9.0,10,2.617,4e-05,C0,,,理气药,,,,,
中药::枣仁,中药,枣仁,12.0,12,2.032,0.00071,,,,补虚药,,,,,
中药::韭汁,中药,韭汁,6.0,7,1.176,9e-05,,,,其他,,,,,
中药::故纸,中药,故纸,10.0,12,3.05,9e-05,,,,温里药,,,,,
中药::人乳,中药,人乳,7.0,8,2.143,5e-05,,,,补虚药,,,,,
中药::三七,中药,三七,9.0,10,1.35,2e-05,,,,活血化瘀药,,,,,
中药::玄参,中药,玄参,11.0,12,2.11,0.00013,,,,清热药,,,,,
中药::五灵脂,中药,五灵脂,9.0,10,1.334,0.00016,C6,,,活血化瘀药,,,,,
中药::白蒺藜,中药,白蒺藜,11.0,11,2.127,0.0006,,,,,,,,,
中药::姜,中药,姜,11.0,11,0.53,8e-05,,,,,,,,,
中药::贝母,中药,贝母,9.0,9,1.59,0.00068,,,,,,,,,
中药::鹿筋,中药,鹿筋,11.0,11,1.24,0.0011,,,,,,,,,
中药::芒硝,中药,芒硝,10.0,11,1.568,0.0004,,,,清热药,,,,,
中药::干漆,中药,干漆,8.0,9,1.315,9e-05,,,,活血化瘀药,,,,,
中药::鸡血藤,中药,鸡血藤,11.0,12,1.26,0.0002,,,,活血化瘀药,,,,,
中药::楮实子,中药,楮实子,5.0,6,1.641,0.00011,,,,补虚药,,,,,
中药::全蝎,中药,全蝎,8.0,9,2.425,3e-05,,,,祛风湿药,,,,,
中药::八仙长寿丸,中药,八仙长寿丸,6.0,9,3.76,0.00064,,,,,,,,,
中药::玉竹,中药,玉竹,7.0,8,2.322,0.00016,,,,补虚药,,,,,
中药::川牛膝,中药,川牛膝,8.0,9,1.755,7e-05,,,,活血化瘀药,,,,,
中药::加减八味丸,中药,加减八味丸,7.0,7,1.008,0.00064,,,,,,,,,
中药::桑白皮,中药,桑白皮,6.0,8,2.276,0.0001,,,,利水渗湿药,,,,,
中药::加减小续命汤,中药,加减小续命汤,7.0,7,0.186,0.00061,,,,,,,,,
中药::五加皮,中药,五加皮,8.0,9,1.312,0.00051,,,,祛风湿药,,,,,
中药::乌附丹剂,中药,乌附丹剂,8.0,11,3.81,0.00067,,,,,,,,,
中药::明矾,中药,明矾,7.0,8,1.944,0.00015,,,,清热药,,,,,
中药::鹿角屑,中药,鹿角屑,7.0,8,1.642,6e-05,,,,补虚药,,,,,
中药::虎骨胶,中药,虎骨胶,6.0,7,2.106,6e-05,,,,补肾壮骨药,,,,,
中药::乌头,中药,乌头,9.0,11,2.478,0.00232,,,,,,,,,
中药::天花粉,中药,天花粉,8.0,9,1.683,9e-05,,,,清热药,,,,,
中药::姜黄,中药,姜黄,8.0,9,1.256,0.00016,,,,活血化瘀药,,,,,
中药::大戟,中药,大戟,7.0,8,1.377,0.00013,,,,其他,,,,,
中药::杜仲、牛膝、杉木节、萆薢、白芷、南星,中药,杜仲、牛膝、杉木节、萆薢、白芷、南星,5.0,11,6.422,0.00032,,,,补肾壮骨药,,,,,
中药::杜牛膝、杉木节、萆薢、白芷、南星,中药,杜牛膝、杉木节、萆薢、白芷、南星,6.0,11,5.507,0.00147,,,,其他,,,,,
中药::苏木,中药,苏木,6.0,7,1.208,4e-05,,,,活血化瘀药,,,,,
中药::车前子,中药,车前子,5.0,7,2.872,0.00013,,,,利水渗湿药,,,,,
中药::石脂,中药,石脂,7.0,8,1.741,0.00028,,,,其他,,,,,
中药::醋炙虎骨,中药,醋炙虎骨,5.0,6,1.174,3e-05,,,,祛风湿药,,,,,
中药::川续断,中药,川续断,8.0,8,0.195,0.00063,,,,,,,,,
中药::虎胶,中药,虎胶,6.0,7,1.806,6e-05,,,,补肾壮骨药,,,,,
中药::猪肾,中药,猪肾,6.0,7,1.685,0.00026,,,,其他,,,,,
中药::白附子,中药,白附子,5.0,6,1.872,6e-05,,,,化痰药,,,,,
中药::猪胆汁,中药,猪胆汁,6.0,7,1.606,0.00015,,,,其他,,,,,
中药::威灵仙,中药,威灵仙,7.0,8,1.445,0.00015,,,,祛风湿药,,,,,
中药::黄茋,中药,黄茋,8.0,8,0.683,1e-05,,,,,,,,,
中药::黄精,中药,黄精,7.0,8,1.519,0.0001,,,,补虚药,,,,,
中药::石膏,中药,石膏,6.0,7,1.424,0.00037,,,,清热药,,,,,
中药::丹砂,中药,丹砂,5.0,6,1.872,0.00029,,,,补虚药,,,,,
中药::龟甲胶,中药,龟甲胶,7.0,8,1.519,0.0001,,,,补虚药,,,,,
中药::淫羊藿,中药,淫羊藿,7.0,8,1.63,0.00016,,,,补肾壮骨药,,,,,
中药::松节,中药,松节,7.0,7,0.598,0.00229,,,,,,,,,
中药::芦巴,中药,芦巴,6.0,7,1.657,0.00014,,,,温里药,,,,,
中药::赤芍,中药,赤芍,6.0,7,1.205,5e-05,,,,活血化瘀药,,,,,
中药::当归地黄黄耆芍药,中药,当归地黄黄耆芍药,5.0,9,4.422,0.0,,,,,,,,,
中药::参术牛膝芍药等方,中药,参术牛膝芍药等方,4.0,8,4.338,0.00285,,,,,,,,,
中药::女萎,中药,女萎,4.0,4,0.428,3e-05,,,,,,,,,
中药::川贝母,中药,川贝母,4.0,5,1.437,9e-05,,,,化痰药,,,,,
中药::三黄丸,中药,三黄丸,5.0,5,0.114,0.0,,,,,,,,,
中药::竹沥,中药,竹沥,4.0,7,3.338,6e-05,,,,化痰药,,,,,
中药::三黄,中药,三黄,4.0,7,3.338,2e-05,,,,清热药,,,,,
中药::六味地黄丸去泽泻加味,中药,六味地黄丸去泽泻加味,5.0,7,2.422,0.00013,,,,,,,,,
中药::虎潜丸加龙骨,中药,虎潜丸加龙骨,5.0,7,2.422,3e-05,,,,,,,,,
中药::未展荷叶,中药,未展荷叶,6.0,7,1.101,0.00064,,,,补虚药,,,,,
中药::天冬麦冬,中药,天冬麦冬,5.0,7,2.422,2e-05,,,,,,,,,
中药::枣皮,中药,枣皮,4.0,7,3.338,0.00452,,,,补虚药,,,,,
中药::六味地黄丸加肉桂、附子,中药,六味地黄丸加肉桂、附子,4.0,7,3.338,0.00012,,,,,,,,,
中药::当归乌附行经和血之药,中药,当归乌附行经和血之药,5.0,7,2.169,3e-05,,,,,,,,,
中药::苍术白术二陈汤加独活,中药,苍术白术二陈汤加独活,6.0,7,1.507,0.00062,,,,,,,,,
中药::木香,中药,木香,4.0,7,3.237,6e-05,,,,理气药,,,,,
中药::六味地黄丸加麦冬、五味子,中药,六味地黄丸加麦冬、五味子,4.0,7,3.338,0.00012,,,,,,,,,
中药::肉桂、附子、人参、黄芪,中药,肉桂、附子、人参、黄芪,3.0,7,4.253,1e-05,,,,,,,,,
中药::六味地黄汤加犀角,中药,六味地黄汤加犀角,5.0,7,2.422,0.00294,,,,,,,,,
中药::黑豆,中药,黑豆,6.0,7,1.507,2e-05,,,,补虚药,,,,,
中药::旋覆花,中药,旋覆花,5.0,6,1.084,0.0007,,,,化痰药,,,,,
中药::生姜,中药,生姜,4.0,6,2.068,6e-05,,,,温里药,,,,,
中药::乳香没药,中药,乳香没药,4.0,6,2.068,0.0,,,,,,,,,
中药::木通,中药,木通,5.0,6,1.422,0.00066,,,,清热药,,,,,
中药::珍珠,中药,珍珠,5.0,6,1.422,8e-05,,,,补虚药,,,,,
中药::燕窝,中药,燕窝,5.0,6,1.422,8e-05,,,,补虚药,,,,,
中药::鸡子,中药,鸡子,5.0,6,1.422,8e-05,,,,补虚药,,,,,
中药::磁石,中药,磁石,4.0,6,2.338,5e-05,,,,补肾壮骨药,,,,,
中药::知母、黄柏,中药,知母、黄柏,4.0,6,2.338,3e-05,,,,清热药,,,,,
中药::黄蘗,中药,黄蘗,4.0,6,2.338,6e-05,,,,清热药,,,,,
中药::甘菊,中药,甘菊,5.0,6,1.422,0.00235,,,,清热药,,,,,
中药::杜仲（炒去丝）,中药,杜仲（炒去丝）,5.0,6,1.422,0.0023,,,,补肾壮骨药,,,,,
中药::甘遂,中药,甘遂,5.0,6,1.169,0.00063,,,,清热药,,,,,
中药::升麻,中药,升麻,4.0,6,2.135,0.0001,,,,解表药,,,,,
中药::豹骨,中药,豹骨,5.0,6,1.084,0.0003,,,,补肾壮骨药,,,,,
中药::僵蚕,中药,僵蚕,5.0,6,1.169,0.0001,,,,化痰药,,,,,
中药::蝉蜕,中药,蝉蜕,5.0,6,1.169,0.00024,,,,解表药,,,,,
中药::生龙骨、生牡蛎,中药,生龙骨、生牡蛎,4.0,6,2.135,0.00286,,,,,,,,,
中药::当归、白芍,中药,当归、白芍,4.0,6,2.338,2e-05,,,,,,,,,
中药::蛤蚧,中药,蛤蚧,5.0,6,1.422,5e-05,,,,补肾壮骨药,,,,,
中药::百部,中药,百部,5.0,6,1.422,6e-05,,,,化痰药,,,,,
中药::薄荷,中药,薄荷,5.0,6,1.422,7e-05,,,,清热药,,,,,
中药::橘红,中药,橘红,5.0,6,1.422,4e-05,,,,理气药,,,,,
中药::羌活独活,中药,羌活独活,4.0,6,2.068,2e-05,,,,,,,,,
中药::猴骨,中药,猴骨,4.0,5,1.068,3e-05,,,,补肾壮骨药,,,,,
中药::海桐皮,中药,海桐皮,4.0,5,1.068,1e-05,,,,祛风湿药,,,,,
中药::透骨草,中药,透骨草,4.0,5,1.068,1e-05,,,,祛风湿药,,,,,
中药::伸筋草,中药,伸筋草,4.0,5,1.068,1e-05,,,,祛风湿药,,,,,
中药::桑螵蛸,中药,桑螵蛸,4.0,5,1.338,4e-05,,,,收涩药,,,,,
中药::南蓼,中药,南蓼,4.0,5,1.068,5e-05,,,,其他,,,,,
中药::杜独活,中药,杜独活,4.0,5,1.068,3e-05,,,,祛风湿药,,,,,
中药::藁本,中药,藁本,4.0,5,1.068,3e-05,,,,祛风湿药,,,,,
中药::五倍子,中药,五倍子,4.0,5,1.338,3e-05,,,,收涩药,,,,,
中药::诃子,中药,诃子,4.0,5,1.338,3e-05,,,,收涩药,,,,,
中药::粟壳,中药,粟壳,4.0,5,1.338,3e-05,,,,收涩药,,,,,
中药::棕榈炭,中药,棕榈炭,4.0,5,1.338,3e-05,,,,收涩药,,,,,
中药::鹿,中药,鹿,4.0,5,1.338,1e-05,,,,补虚药,,,,,
中药::山羊血,中药,山羊血,4.0,5,1.068,1e-05,,,,活血化瘀药,,,,,
中药::藕汁,中药,藕汁,4.0,5,1.338,5e-05,,,,清热药,,,,,
中药::牛乳,中药,牛乳,4.0,5,1.338,1e-05,,,,补虚药,,,,,
中药::巴豆霜,中药,巴豆霜,4.0,5,1.338,0.00059,,,,泻下药,,,,,
中药::玄胡,中药,玄胡,4.0,5,1.338,3e-05,,,,理气药,,,,,
中药::牛蒡根,中药,牛蒡根,4.0,5,1.338,2e-05,,,,祛风湿药,,,,,
中药::茵陈蒿,中药,茵陈蒿,4.0,5,1.338,5e-05,,,,清热药,,,,,
中药::黑芝麻,中药,黑芝麻,4.0,5,1.338,3e-05,,,,补虚药,,,,,
中药::益智仁,中药,益智仁,4.0,5,1.338,6e-05,,,,补肾壮骨药,,,,,
中药::郁李仁,中药,郁李仁,4.0,5,1.338,5e-05,,,,理气药,,,,,
中药::紫石英,中药,紫石英,4.0,5,1.338,8e-05,,,,其他,,,,,
中药::白石英,中药,白石英,4.0,5,1.338,4e-05,,,,补肾壮骨药,,,,,
中药::鹿髓,中药,鹿髓,4.0,5,1.338,1e-05,,,,补虚药,,,,,
中药::海狗肾,中药,海狗肾,4.0,5,1.338,1e-05,,,,补虚药,,,,,
中药::鹿胶,中药,鹿胶,4.0,5,1.338,1e-05,,,,补虚药,,,,,
中药::广木香,中药,广木香,4.0,5,1.338,0.00061,,,,理气药,,,,,
中药::栀子,中药,栀子,4.0,5,1.068,4e-05,,,,清热药,,,,,
中药::荷叶,中药,荷叶,5.0,5,0.084,4e-05,,,,,,,,,
中药::胡桃仁,中药,胡桃仁,4.0,5,1.338,1e-05,,,,补虚药,,,,,
中药::川乌头,中药,川乌头,4.0,5,1.068,4e-05,,,,温里药,,,,,
中药::蛴螬,中药,蛴螬,4.0,5,1.068,0.00044,,,,其他,,,,,
中药::皂角末,中药,皂角末,4.0,5,1.338,0.00012,,,,其他,,,,,
中药::白扁豆,中药,白扁豆,4.0,5,1.338,1e-05,,,,补虚药,,,,,
中药::蒲黄,中药,蒲黄,4.0,5,1.068,1e-05,,,,活血化瘀药,,,,,
中药::益母草,中药,益母草,4.0,5,1.068,1e-05,,,,活血化瘀药,,,,,
中药::天麻,中药,天麻,4.0,5,1.338,7e-05,,,,祛风湿药,,,,,
中药::田鸡油,中药,田鸡油,4.0,5,1.338,1e-05,,,,补虚药,,,,,
中药::沙虫干,中药,沙虫干,4.0,5,1.338,9e-05,,,,其他,,,,,
中药::金樱子,中药,金樱子,4.0,5,1.338,4e-05,,,,补肾壮骨药,,,,,
中药::砂仁,中药,砂仁,3.0,5,2.253,4e-05,,,,理气药,,,,,
中药::藤三七珠芽,中药,藤三七珠芽,4.0,5,1.068,0.00032,,,,补虚药,,,,,
中药::龙胆草,中药,龙胆草,4.0,5,1.338,8e-05,,,,清热药,,,,,
中药::沙参,中药,沙参,4.0,5,1.338,1e-05,,,,补虚药,,,,,
中药::骨皮,中药,骨皮,4.0,5,1.338,6e-05,,,,清热药,,,,,
中药::北味,中药,北味,4.0,5,1.338,4e-05,,,,补肾壮骨药,,,,,
中药::钟乳石,中药,钟乳石,4.0,5,1.338,4e-05,,,,补肾壮骨药,,,,,
中药::蛇床子,中药,蛇床子,4.0,5,1.338,2e-05,,,,祛风湿药,,,,,
中药::薯蓣,中药,薯蓣,4.0,5,1.135,0.0,,,,补虚药,,,,,
中药::干枣,中药,干枣,4.0,5,1.135,5e-05,,,,其他,,,,,
中药::芫花,中药,芫花,4.0,5,1.135,5e-05,,,,其他,,,,,
中药::鱼鳔,中药,鱼鳔,4.0,5,1.338,1e-05,,,,补虚药,,,,,
中药::鱼线胶,中药,鱼线胶,4.0,5,1.338,3e-05,,,,补肾壮骨药,,,,,
中药::赤茯苓,中药,赤茯苓,4.0,5,1.135,4e-05,,,,利水渗湿药,,,,,
中药::淡豆豉,中药,淡豆豉,4.0,5,1.135,0.00011,,,,解表药,,,,,
中药::栝蒌,中药,栝蒌,4.0,5,1.135,4e-05,,,,其他,,,,,
中药::酥,中药,酥,4.0,5,1.135,0.0,,,,补虚药,,,,,
中药::天门冬汁,中药,天门冬汁,4.0,5,1.135,1e-05,,,,补虚药,,,,,
中药::鹿脑骨,中药,鹿脑骨,4.0,5,1.135,2e-05,,,,补肾壮骨药,,,,,
中药::薤根,中药,薤根,4.0,5,1.068,2e-05,,,,理气药,,,,,
中药::槐角,中药,槐角,4.0,5,1.068,6e-05,,,,其他,,,,,
中药::白稨豆,中药,白稨豆,4.0,5,1.338,2e-05,,,,补虚药,,,,,
中药::扁豆,中药,扁豆,4.0,5,1.338,2e-05,,,,补虚药,,,,,
中药::草果仁,中药,草果仁,4.0,5,1.338,8e-05,,,,温里药,,,,,
中药::新会皮,中药,新会皮,4.0,5,1.338,4e-05,,,,理气药,,,,,
中药::高良姜,中药,高良姜,4.0,5,1.338,8e-05,,,,温里药,,,,,
中药::乌梅,中药,乌梅,4.0,5,1.068,0.00027,,,,收涩药,,,,,
中药::白梅,中药,白梅,4.0,5,1.068,0.00027,,,,收涩药,,,,,
中药::牛腿骨髓,中药,牛腿骨髓,4.0,5,1.338,0.0001,,,,其他,,,,,
中药::葫芦巴,中药,葫芦巴,4.0,5,1.338,7e-05,,,,温里药,,,,,
中药::蒺藜,中药,蒺藜,4.0,5,1.338,7e-05,,,,其他,,,,,
中药::硫黄,中药,硫黄,4.0,5,1.237,6e-05,,,,温里药,,,,,
中药::白椒,中药,白椒,4.0,5,1.237,6e-05,,,,温里药,,,,,
中药::胡芦巴,中药,胡芦巴,4.0,5,1.237,4e-05,,,,补肾壮骨药,,,,,
中药::豆蔻,中药,豆蔻,4.0,5,1.237,6e-05,,,,温里药,,,,,
中药::沉香,中药,沉香,4.0,5,1.237,3e-05,,,,理气药,,,,,
中药::小茴香,中药,小茴香,4.0,5,1.237,6e-05,,,,温里药,,,,,
中药::玉泉,中药,玉泉,4.0,5,1.338,5e-05,,,,补肾壮骨药,,,,,
中药::川断,中药,川断,4.0,5,1.237,4e-05,,,,补肾壮骨药,,,,,
中药::海风藤,中药,海风藤,4.0,5,1.068,3e-05,,,,祛风湿药,,,,,
中药::稀莶草,中药,稀莶草,4.0,5,1.068,3e-05,,,,祛风湿药,,,,,
中药::穿山龙,中药,穿山龙,4.0,5,1.068,4e-05,,,,祛风湿药,,,,,
中药::淡茱萸,中药,淡茱萸,4.0,5,1.068,0.0001,,,,温里药,,,,,
中药::马钱子,中药,马钱子,3.0,4,1.051,2e-05,,,,其他,,,,,
中药::接骨方,中药,接骨方,4.0,4,0.068,0.0,,,,,,,,,
中药::廑虫,中药,廑虫,4.0,4,0.068,0.0,,,,,,,,,
中药::薏米,中药,薏米,3.0,4,1.253,7e-05,,,,利水渗湿药,,,,,
中药::大马屁勃,中药,大马屁勃,4.0,4,0.338,0.0,,,,,,,,,
中药::白芨,中药,白芨,3.0,4,1.051,1e-05,,,,收涩药,,,,,
中药::童便,中药,童便,3.0,4,1.051,7e-05,,,,其他,,,,,
中药::猴姜,中药,猴姜,3.0,4,1.051,8e-05,,,,祛风湿药,,,,,
中药::蟹,中药,蟹,4.0,4,0.068,8e-05,,,,,,,,,
中药::草苏,中药,草苏,3.0,4,1.051,4e-05,,,,祛风湿药,,,,,
中药::草乌,中药,草乌,3.0,4,1.051,4e-05,,,,祛风湿药,,,,,
中药::骨脂,中药,骨脂,3.0,4,1.253,8e-05,,,,温里药,,,,,
中药::柏子仁,中药,柏子仁,3.0,4,1.253,3e-05,,,,补虚药,,,,,
中药::吴茱萸,中药,吴茱萸,3.0,4,1.253,7e-05,,,,温里药,,,,,
中药::花椒,中药,花椒,3.0,4,1.253,7e-05,,,,温里药,,,,,
中药::茵陈,中药,茵陈,3.0,4,1.253,6e-05,,,,清热药,,,,,
中药::苦楝,中药,苦楝,3.0,4,1.253,7e-05,,,,其他,,,,,
中药::白木,中药,白木,4.0,4,0.338,0.0,,,,,,,,,
中药::鹿茸精,中药,鹿茸精,4.0,4,0.068,0.00015,,,,,,,,,
中药::羊髓,中药,羊髓,3.0,4,1.177,0.0,,,,补虚药,,,,,
中药::薯,中药,薯,4.0,4,0.338,1e-05,,,,,,,,,
中药::石斛丸,中药,石斛丸,4.0,4,0.135,1e-05,,,,,,,,,
中药::阴八味,中药,阴八味,4.0,4,0.338,3e-05,,,,,,,,,
中药::干地黄,中药,干地黄,4.0,4,0.135,1e-05,,,,,,,,,
中药::虎潜丸,中药,虎潜丸,3.0,4,1.253,4e-05,,,,,,,,,
中药::甘麦大枣汤,中药,甘麦大枣汤,3.0,4,1.253,4e-05,,,,,,,,,
中药::当归灵没丸,中药,当归灵没丸,4.0,4,0.068,0.0,,,,,,,,,
中药::知柏地黄丸,中药,知柏地黄丸,4.0,4,0.338,1e-05,,,,,,,,,
中药::归尾,中药,归尾,3.0,4,1.051,3e-05,,,,活血化瘀药,,,,,
中药::虻虫,中药,虻虫,3.0,4,1.051,3e-05,,,,活血化瘀药,,,,,
中药::姜汁,中药,姜汁,0.0,3,3.0,0.0,,,,,,,,,
中药::六味地黄丸,中药,六味地黄丸,0.0,4,4.0,0.0,,,,,,,,,
中药::猪腰子,中药,猪腰子,3.0,3,0.253,0.0,,,,,,,,,
中药::苏枋,中药,苏枋,3.0,3,0.051,3e-05,,,,,,,,,
中药::千年健,中药,千年健,2.0,3,1.034,5e-05,,,,祛风湿药,,,,,
中药::赤节,中药,赤节,3.0,3,0.253,3e-05,,,,,,,,,
中药::大补阴丸去地黄加白芍知母甘草倍牛膝,中药,大补阴丸去地黄加白芍知母甘草倍牛膝,2.0,2,0.068,0.0,,,,,,,,,
中药::青皮,中药,青皮,0.0,2,2.0,0.0,,,,,,,,,
中药::杉木节,中药,杉木节,0.0,2,2.0,0.0,,,,,,,,,
中药::丹药,中药,丹药,0.0,1,1.0,0.0,,,,,,,,,
中药::生龙骨,中药,生龙骨,0.0,1,1.0,0.0,,,,,,,,,
中药::生牡蛎,中药,生牡蛎,0.0,1,1.0,0.0,,,,,,,,,
中药::白芥子,中药,白芥子,0.0,1,1.0,0.0,,,,,,,,,
中药::密陀僧,中药,密陀僧,0.0,1,1.0,0.0,,,,,,,,,
中药::铅丹,中药,铅丹,0.0,1,1.0,0.0,,,,,,,,,
中药::加五味子,中药,加五味子,0.0,1,1.0,0.0,,,,,,,,,
中药::用于风湿身重,中药,用于风湿身重,0.0,1,1.0,0.0,,,,,,,,,
中药::汗出恶风之痹证,中药,汗出恶风之痹证,0.0,1,1.0,0.0,,,,,,,,,
"中药::用于治疗""骨极色黒疼痛",中药,"用于治疗""骨极色黒疼痛",0.0,1,1.0,0.0,,,,,,,,,
"中药::四肢拘急""等症",中药,"四肢拘急""等症",0.0,1,1.0,0.0,,,,,,,,,
中药::参,中药,参,0.0,1,1.0,0.0,,,,,,,,,
中药::术,中药,术,0.0,1,1.0,0.0,,,,,,,,,
中药::用于治阴疽,中药,用于治阴疽,0.0,1,1.0,0.0,,,,,,,,,
中药::寒湿流络,中药,寒湿流络,0.0,1,1.0,0.0,,,,,,,,,
中药::筋挛,中药,筋挛,0.0,1,1.0,0.0,,,,,,,,,
中药::骨痿等,中药,骨痿等,0.0,1,1.0,0.0,,,,,,,,,
中药::主治燥火伤阴,中药,主治燥火伤阴,0.0,1,1.0,0.0,,,,,,,,,
中药::心肾不交,中药,心肾不交,0.0,1,1.0,0.0,,,,,,,,,
中药::犀角,中药,犀角,0.0,1,1.0,0.0,,,,,,,,,
中药::六味地黄汤成分,中药,六味地黄汤成分,0.0,1,1.0,0.0,,,,,,,,,
中药::酒,中药,酒,0.0,0,0.0,0.0,,,,,,,,,
中药::猪膏,中药,猪膏,0.0,1,1.0,0.0,,,,,,,,,
中药::陈年老酒,中药,陈年老酒,0.0,1,1.0,0.0,,,,,,,,,
中药::小麦,中药,小麦,0.0,1,1.0,0.0,,,,,,,,,
中药::瓜蒌,中药,瓜蒌,0.0,1,1.0,0.0,,,,,,,,,
中药::薤白,中药,薤白,0.0,1,1.0,0.0,,,,,,,,,
中药::白酒,中药,白酒,0.0,1,1.0,0.0,,,,,,,,,
中药::槟榔,中药,槟榔,0.0,1,1.0,0.0,,,,,,,,,
中药::三棱,中药,三棱,0.0,1,1.0,0.0,,,,,,,,,
中药::治诸虚百损,中药,治诸虚百损,0.0,1,1.0,0.0,,,,,,,,,
中药::肌体消瘦,中药,肌体消瘦,0.0,1,1.0,0.0,,,,,,,,,
中药::脉弱,中药,脉弱,0.0,1,1.0,0.0,,,,,,,,,
中药::补肝肾,中药,补肝肾,0.0,1,1.0,0.0,,,,,,,,,
中药::固精,中药,固精,0.0,1,1.0,0.0,,,,,,,,,
中药::杜牛膝,中药,杜牛膝,0.0,1,1.0,0.0,,,,,,,,,
中药::滋阴大补丸,中药,滋阴大补丸,0.0,1,1.0,0.0,,,,,,,,,
中药::清酒,中药,清酒,0.0,1,1.0,0.0,,,,,,,,,
中药::橘皮,中药,橘皮,0.0,1,1.0,0.0,,,,,,,,,
中药::神曲,中药,神曲,0.0,1,1.0,0.0,,,,,,,,,
人群::情志异常,人群,情志异常,16.0,16,6.333,0.00036,,,,,,,,,
人群::老年后,人群,老年后,15.0,16,7.398,0.00035,,,,,,,,,
人群::围绝经期,人群,围绝经期,12.0,13,4.254,0.00012,,,,,,,,,
人群::胎产哺乳,人群,胎产哺乳,13.0,14,3.482,0.00014,,,,,,,,,
功效分类::补虚药,功效分类,补虚药,0.0,64,64.0,0.00067,,,,,,,,,
功效分类::补肾壮骨药,功效分类,补肾壮骨药,0.0,37,37.0,0.00019,,,,,,,,,
功效分类::清热药,功效分类,清热药,0.0,27,27.0,0.00012,,,,,,,,,
功效分类::温里药,功效分类,温里药,0.0,24,24.0,6e-05,,,,,,,,,
功效分类::活血化瘀药,功效分类,活血化瘀药,0.0,22,22.0,6e-05,,,,,,,,,
功效分类::祛风湿药,功效分类,祛风湿药,0.0,28,28.0,0.00022,,,,,,,,,
功效分类::其他,功效分类,其他,0.0,27,27.0,0.00015,,,,,,,,,
功效分类::理气药,功效分类,理气药,0.0,15,15.0,3e-05,,,,,,,,,
功效分类::收涩药,功效分类,收涩药,0.0,13,13.0,5e-05,,,,,,,,,
功效分类::化痰药,功效分类,化痰药,0.0,10,10.0,1e-05,,,,,,,,,
功效分类::解表药,功效分类,解表药,0.0,9,9.0,1e-05,,,,,,,,,
功效分类::利水渗湿药,功效分类,利水渗湿药,0.0,7,7.0,1e-05,,,,,,,,,
功效分类::泻下药,功效分类,泻下药,0.0,1,1.0,0.0,,,,,,,,,
古籍::古今图书集成医部全录,古籍,古今图书集成医部全录,105.0,106,9.143,0.00402,,1726.0,清,,,,,,
古籍::古今图书集成医部全录009（211-302）,古籍,古今图书集成医部全录009（211-302）,46.0,47,5.32,0.00104,,1934.0,民国,,,,,,
古籍::全体病源类纂,古籍,全体病源类纂,39.0,40,4.983,0.0006,,610.0,隋唐五代,,,,,,
古籍::古今图书集成医部全录001目录,古籍,古今图书集成医部全录001目录,23.0,24,2.48,0.00063,,1934.0,民国,,,,,,
古籍::普济方（四库本1-60卷）,古籍,普济方（四库本1-60卷）,65.0,66,4.743,0.0034,,1406.0,明,,,,,,
古籍::圣济总录,古籍,圣济总录,50.0,51,4.409,0.00179,,1117.0,金元,,,,,,
古籍::顾松园医镜,古籍,顾松园医镜,30.0,31,4.133,0.00017,,1718.0,清,,,,,,
古籍::黄帝内经太素,古籍,黄帝内经太素,9.0,10,2.105,0.00015,,650.0,隋唐五代,,,,,,
古籍::兰台轨范,古籍,兰台轨范,35.0,36,4.411,0.00027,,1764.0,清,,,,,,
古籍::灵素节注类编,古籍,灵素节注类编,26.0,27,1.863,0.00062,,1857.0,清,,,,,,
古籍::普济方,古籍,普济方,59.0,60,3.905,0.00342,,1406.0,明,,,,,,
古籍::医学纲目,古籍,医学纲目,31.0,32,3.686,0.00052,,1565.0,明,,,,,,
古籍::伤燥论,古籍,伤燥论,10.0,11,2.202,5e-05,,1909.0,清,,,,,,
古籍::素问释义,古籍,素问释义,18.0,19,2.57,0.00018,,1780.0,清,,,,,,
古籍::不居集,古籍,不居集,35.0,36,4.007,0.00089,,1778.0,清,,,,,,
"古籍::古今图书集成医部全录010（303-358,内科、伤寒）",古籍,"古今图书集成医部全录010（303-358,内科、伤寒）",28.0,29,3.64,0.00045,,1934.0,民国,,,,,,
古籍::古今图书集成医部全录008（175-210）,古籍,古今图书集成医部全录008（175-210）,33.0,34,4.281,0.00024,,1934.0,民国,,,,,,
古籍::景岳全书,古籍,景岳全书,14.0,15,2.089,0.00035,,1624.0,明,,,,,,
古籍::赤水元珠（四库本）,古籍,赤水元珠（四库本）,45.0,46,3.538,0.00054,,1584.0,明,,,,,,
古籍::黄帝八十一难经纂图句解,古籍,黄帝八十一难经纂图句解,12.0,13,2.408,0.00015,,1186.0,金元,,,,,,
古籍::东医宝鉴,古籍,东医宝鉴,49.0,50,4.258,0.00175,,1610.0,明,,,,,,
古籍::古今医统大全,古籍,古今医统大全,12.0,13,2.258,0.0002,,1556.0,明,,,,,,
古籍::素问悬解,古籍,素问悬解,13.0,14,2.465,0.00014,,1756.0,清,,,,,,
古籍::针灸逢源,古籍,针灸逢源,18.0,19,2.821,0.00025,,1815.0,清,,,,,,
古籍::奇效良方,古籍,奇效良方,18.0,19,2.31,0.00043,,1449.0,明,,,,,,
古籍::证治准绳,古籍,证治准绳,33.0,34,4.149,0.00072,,1602.0,明,,,,,,
古籍::读素问钞,古籍,读素问钞,7.0,8,1.802,0.00016,,1341.0,金元,,,,,,
古籍::黄帝素问直解,古籍,黄帝素问直解,6.0,7,1.759,0.00012,,1695.0,清,,,,,,
古籍::证治准绳·杂病,古籍,证治准绳·杂病,32.0,33,4.215,0.00053,,1602.0,明,,,,,,
古籍::素问识,古籍,素问识,6.0,7,1.625,0.00016,,1829.0,清,,,,,,
古籍::医述,古籍,医述,23.0,24,1.85,0.00096,,1753.0,清,,,,,,
"古籍::古今图书集成医部全录005（93-121,脏腑经络运气）",古籍,"古今图书集成医部全录005（93-121,脏腑经络运气）",27.0,28,3.522,0.00034,,1934.0,民国,,,,,,
"古籍::古今图书集成医部全录002（1-46,素问）",古籍,"古今图书集成医部全录002（1-46,素问）",4.0,5,1.547,0.0001,,1934.0,民国,,,,,,
古籍::普济方（四库本181-240卷）,古籍,普济方（四库本181-240卷）,39.0,40,3.241,0.00187,,1406.0,明,,,,,,
古籍::医学入门,古籍,医学入门,30.0,31,2.599,0.00069,,1575.0,明,,,,,,
古籍::黄帝内经素问补注释文（道藏本）,古籍,黄帝内经素问补注释文（道藏本）,6.0,7,1.582,0.00013,,762.0,隋唐五代,,,,,,
古籍::赤水玄珠（标点本）,古籍,赤水玄珠（标点本）,24.0,25,2.767,0.00074,,1956.0,现代,,,,,,
古籍::杏苑生春,古籍,杏苑生春,17.0,18,2.262,0.00012,,1575.0,明,,,,,,
古籍::历代本草药性汇解,古籍,历代本草药性汇解,24.0,25,2.678,0.00071,,2003.0,现代,,,,,,
古籍::沈氏尊生书,古籍,沈氏尊生书,21.0,22,2.916,0.00031,,1773.0,清,,,,,,
古籍::永类钤方,古籍,永类钤方,19.0,20,2.367,0.0004,,1331.0,金元,,,,,,
古籍::医学钩玄,古籍,医学钩玄,21.0,22,2.733,0.00047,,1347.0,金元,,,,,,
古籍::冯氏锦囊秘录,古籍,冯氏锦囊秘录,31.0,32,2.574,0.00086,,1694.0,清,,,,,,
古籍::济阳纲目,古籍,济阳纲目,25.0,26,2.633,0.00027,,1565.0,明,,,,,,
古籍::千金要方（四库本）,古籍,千金要方（四库本）,7.0,8,1.387,0.0001,,652.0,隋唐五代,,,,,,
古籍::张氏医通,古籍,张氏医通,28.0,29,3.642,0.00034,,1695.0,清,,,,,,
古籍::重订灵兰要览,古籍,重订灵兰要览,23.0,24,3.366,9e-05,,1820.0,清,,,,,,
古籍::杂病广要,古籍,杂病广要,28.0,29,3.35,0.00021,,1670.0,清,,,,,,
古籍::针灸甲乙经校注,古籍,针灸甲乙经校注,4.0,5,1.441,0.00053,,259.0,魏晋南北朝,,,,,,
古籍::内经提要,古籍,内经提要,1.0,2,1.046,2e-05,,1988.0,现代,,,,,,
古籍::程氏易简方论,古籍,程氏易简方论,29.0,30,2.99,0.0009,,1604.0,明,,,,,,
古籍::普济方（四库本361-426卷）,古籍,普济方（四库本361-426卷）,11.0,12,1.631,0.00023,,1406.0,明,,,,,,
古籍::寿世保元,古籍,寿世保元,12.0,13,2.544,4e-05,,1615.0,明,,,,,,
古籍::灵枢识,古籍,灵枢识,5.0,6,1.545,0.0001,,1829.0,清,,,,,,
古籍::御纂医宗金鉴（四库本）,古籍,御纂医宗金鉴（四库本）,26.0,27,2.958,0.00042,,1742.0,清,,,,,,
古籍::任应秋讲黄帝内经素问,古籍,任应秋讲黄帝内经素问,15.0,16,2.206,0.00039,,1981.0,现代,,,,,,
古籍::内经运气病释,古籍,内经运气病释,3.0,4,1.422,5e-05,,1998.0,现代,,,,,,
古籍::玄隐遗密,古籍,玄隐遗密,5.0,6,1.507,0.00021,,2018.0,现代,,,,,,
古籍::类经,古籍,类经,4.0,5,1.301,4e-05,,1624.0,明,,,,,,
古籍::医辨,古籍,医辨,16.0,17,2.768,6e-05,,1687.0,清,,,,,,
"古籍::古今图书集成医部全录006（122-150,头面耳）",古籍,"古今图书集成医部全录006（122-150,头面耳）",3.0,4,1.42,4e-05,,1934.0,民国,,,,,,
古籍::病机沙篆,古籍,病机沙篆,26.0,27,3.431,9e-05,,1628.0,明,,,,,,
"古籍::古今图书集成医部全录003（47-68,灵枢）",古籍,"古今图书集成医部全录003（47-68,灵枢）",6.0,7,1.629,0.00012,,1934.0,民国,,,,,,
古籍::黄帝内经素问详注直讲全集,古籍,黄帝内经素问详注直讲全集,4.0,5,1.45,0.0001,,1867.0,清,,,,,,
古籍::普济方（四库本301-360卷）,古籍,普济方（四库本301-360卷）,18.0,19,1.458,0.00038,,1406.0,明,,,,,,
古籍::本草纲目,古籍,本草纲目,24.0,25,3.057,0.00017,,1596.0,明,,,,,,
"古籍::古今图书集成医部全录007（151-174,鼻唇口）",古籍,"古今图书集成医部全录007（151-174,鼻唇口）",22.0,23,2.595,0.00019,,1934.0,民国,,,,,,
古籍::袖珍方,古籍,袖珍方,10.0,11,1.716,0.00014,,1370.0,明,,,,,,
古籍::医宗金鉴,古籍,医宗金鉴,22.0,23,2.253,0.00142,,1742.0,清,,,,,,
古籍::黄帝内经素问集注,古籍,黄帝内经素问集注,3.0,4,1.412,7e-05,,1672.0,清,,,,,,
古籍::环溪草堂医案,古籍,环溪草堂医案,4.0,5,1.092,6e-05,,1860.0,清,,,,,,
古籍::清代名医医话精华,古籍,清代名医医话精华,28.0,29,3.435,0.00023,,1985.0,现代,,,,,,
古籍::一见能医,古籍,一见能医,19.0,20,2.23,0.00016,,1844.0,清,,,,,,
古籍::医林掇英,古籍,医林掇英,4.0,5,1.537,8e-05,,1986.0,现代,,,,,,
古籍::太平圣惠方,古籍,太平圣惠方,11.0,12,1.642,0.00035,,992.0,宋,,,,,,
古籍::冯氏锦囊秘录杂症大小合参,古籍,冯氏锦囊秘录杂症大小合参,19.0,20,2.031,0.00047,,1694.0,清,,,,,,
古籍::疡医大全,古籍,疡医大全,16.0,17,2.122,0.00044,,1740.0,清,,,,,,
古籍::杂病源流犀烛,古籍,杂病源流犀烛,16.0,17,2.274,0.00031,,1773.0,清,,,,,,
古籍::医学心悟杂症要义,古籍,医学心悟杂症要义,16.0,17,2.564,0.00014,,1732.0,清,,,,,,
古籍::伤寒杂病心法集解,古籍,伤寒杂病心法集解,14.0,15,2.09,0.00021,,1998.0,现代,,,,,,
古籍::药性通考,古籍,药性通考,21.0,22,2.712,0.00012,,1731.0,清,,,,,,
古籍::银海指南,古籍,银海指南,13.0,14,2.252,2e-05,,1807.0,清,,,,,,
古籍::黄帝内经素问语译,古籍,黄帝内经素问语译,4.0,5,1.349,0.00015,,1991.0,现代,,,,,,
古籍::脉因证治,古籍,脉因证治,4.0,5,1.391,9e-05,,1347.0,金元,,,,,,
古籍::玉机辨症,古籍,玉机辨症,8.0,9,1.943,6e-05,,1700.0,清,,,,,,
古籍::嵩厓尊生书,古籍,嵩厓尊生书,14.0,15,1.742,0.0001,,1695.0,清,,,,,,
古籍::500种中药现代研究,古籍,500种中药现代研究,18.0,19,1.54,0.0006,,1956.0,现代,,,,,,
古籍::备急千金要方,古籍,备急千金要方,8.0,9,1.48,0.00019,,652.0,隋唐五代,,,,,,
古籍::名老中医张镜人经验集,古籍,名老中医张镜人经验集,3.0,4,1.411,4e-05,,2001.0,现代,,,,,,
古籍::素问经注节解,古籍,素问经注节解,4.0,5,1.441,0.0001,,1648.0,清,,,,,,
古籍::医林绳墨大全,古籍,医林绳墨大全,22.0,23,2.965,6e-05,,1587.0,明,,,,,,
古籍::大方脉,古籍,大方脉,14.0,15,2.042,0.00026,,1056.0,宋,,,,,,
古籍::旧德堂医案,古籍,旧德堂医案,13.0,14,2.288,6e-05,,1898.0,清,,,,,,
古籍::针灸甲乙经,古籍,针灸甲乙经,5.0,6,1.442,0.00056,,259.0,魏晋南北朝,,,,,,
古籍::四诊法,古籍,四诊法,1.0,2,1.197,0.0,,1609.0,明,,,,,,
"古籍::古今图书集成医部全录004（69-92,难经脉法）",古籍,"古今图书集成医部全录004（69-92,难经脉法）",2.0,3,1.302,3e-05,,1934.0,民国,,,,,,
古籍::本草从新,古籍,本草从新,8.0,9,1.827,6e-05,,1757.0,清,,,,,,
古籍::圣济总录纂要,古籍,圣济总录纂要,12.0,13,1.486,0.00012,,1681.0,清,,,,,,
古籍::医学衷中参西录,古籍,医学衷中参西录,19.0,20,2.666,6e-05,,1918.0,民国,,,,,,
古籍::喻选古方试验,古籍,喻选古方试验,5.0,6,1.307,7e-05,,1644.0,清,,,,,,
古籍::医灯续焰,古籍,医灯续焰,4.0,5,1.418,7e-05,,1644.0,清,,,,,,
古籍::普济方·针灸,古籍,普济方·针灸,5.0,6,1.239,9e-05,,1406.0,明,,,,,,
古籍::古今医彻,古籍,古今医彻,15.0,16,2.363,3e-05,,1808.0,清,,,,,,
古籍::内科纲要验方类编,古籍,内科纲要验方类编,12.0,13,2.177,0.00014,,1958.0,现代,,,,,,
古籍::太乙版黄帝内经,古籍,太乙版黄帝内经,3.0,4,1.293,9e-05,,2016.0,现代,,,,,,
古籍::医悟,古籍,医悟,9.0,10,1.995,5e-05,,1893.0,清,,,,,,
古籍::回生集,古籍,回生集,12.0,13,2.083,9e-05,,1789.0,清,,,,,,
古籍::医碥,古籍,医碥,8.0,9,1.708,5e-05,,1757.0,清,,,,,,
古籍::古今医鉴,古籍,古今医鉴,13.0,14,2.188,3e-05,,1576.0,明,,,,,,
古籍::类证治裁,古籍,类证治裁,13.0,14,1.939,0.00021,,1839.0,清,,,,,,
古籍::普济方（四库本61-120卷）,古籍,普济方（四库本61-120卷）,14.0,15,1.675,0.00015,,1406.0,明,,,,,,
古籍::李氏医鉴,古籍,李氏医鉴,20.0,21,2.554,0.00032,,1644.0,清,,,,,,
古籍::灵枢悬解,古籍,灵枢悬解,4.0,5,1.393,6e-05,,1756.0,清,,,,,,
古籍::内经知要,古籍,内经知要,3.0,4,1.4,2e-05,,1642.0,明,,,,,,
古籍::内伤集要,古籍,内伤集要,12.0,13,2.03,0.00077,,1822.0,清,,,,,,
古籍::严氏济生方,古籍,严氏济生方,5.0,6,1.366,3e-05,,1253.0,金元,,,,,,
古籍::医学原理,古籍,医学原理,16.0,17,2.187,0.0002,,1689.0,清,,,,,,
古籍::医方集解,古籍,医方集解,14.0,15,1.643,0.00035,,1682.0,清,,,,,,
古籍::神农本草经疏（四库本）,古籍,神农本草经疏（四库本）,9.0,10,1.664,0.0001,,1625.0,明,,,,,,
古籍::黄帝内经灵枢集注,古籍,黄帝内经灵枢集注,4.0,5,1.347,0.0001,,1672.0,清,,,,,,
古籍::杂病心法要诀,古籍,杂病心法要诀,8.0,9,1.285,0.00016,,1742.0,清,,,,,,
古籍::本草纲目（金陵本）,古籍,本草纲目（金陵本）,9.0,10,1.743,2e-05,,1593.0,明,,,,,,
古籍::内经博议,古籍,内经博议,4.0,5,1.418,5e-05,,1672.0,清,,,,,,
古籍::冉雪峰内经讲义,古籍,冉雪峰内经讲义,2.0,3,1.269,5e-05,,1956.0,现代,,,,,,
古籍::望诊遵经,古籍,望诊遵经,3.0,4,1.396,4e-05,,1837.0,清,,,,,,
古籍::医方考,古籍,医方考,18.0,19,2.521,2e-05,,1584.0,明,,,,,,
古籍::证治汇补,古籍,证治汇补,8.0,9,1.616,6e-05,,1687.0,清,,,,,,
古籍::本草求真,古籍,本草求真,8.0,9,1.782,5e-05,,1769.0,清,,,,,,
古籍::玉机微义,古籍,玉机微义,10.0,11,1.941,0.00015,,1396.0,明,,,,,,
古籍::针灸大成,古籍,针灸大成,7.0,8,1.488,5e-05,,1601.0,明,,,,,,
古籍::黄帝内经素问白话版,古籍,黄帝内经素问白话版,4.0,5,1.29,0.00015,,2005.0,现代,,,,,,
古籍::黄煌医案,古籍,黄煌医案,12.0,13,1.325,0.00015,,1990.0,现代,,,,,,
古籍::绛雪园古方选注,古籍,绛雪园古方选注,16.0,17,2.374,0.00025,,1673.0,清,,,,,,
古籍::李翰卿医学全集,古籍,李翰卿医学全集,10.0,11,1.775,0.00019,,1960.0,现代,,,,,,
古籍::全生指迷方,古籍,全生指迷方,7.0,8,1.515,0.00029,,1046.0,宋,,,,,,
古籍::新刊医学集成,古籍,新刊医学集成,9.0,10,1.758,0.00028,,2016.0,现代,,,,,,
古籍::轩岐救正论,古籍,轩岐救正论,10.0,11,1.974,0.0001,,1644.0,清,,,,,,
古籍::用药心得十讲-焦树德,古籍,用药心得十讲-焦树德,11.0,12,1.611,7e-05,,2005.0,现代,,,,,,
古籍::保命歌括,古籍,保命歌括,6.0,7,1.374,0.00015,,1549.0,明,,,,,,
古籍::本草简要方,古籍,本草简要方,15.0,16,1.422,0.00026,,1938.0,民国,,,,,,
古籍::黄帝内经灵枢注证发微,古籍,黄帝内经灵枢注证发微,4.0,5,1.289,4e-05,,1586.0,明,,,,,,
古籍::难经集注,古籍,难经集注,3.0,4,1.369,5e-05,,650.0,隋唐五代,,,,,,
古籍::神仙济世良方,古籍,神仙济世良方,8.0,9,1.856,3e-05,,2005.0,现代,,,,,,
古籍::删补名医方论,古籍,删补名医方论,15.0,16,2.29,4e-05,,1682.0,清,,,,,,
古籍::症因脉治,古籍,症因脉治,4.0,5,1.325,6e-05,,1706.0,清,,,,,,
古籍::范中林六经辨证医案,古籍,范中林六经辨证医案,5.0,6,1.116,6e-05,,1984.0,现代,,,,,,
古籍::古今名医汇粹,古籍,古今名医汇粹,9.0,10,1.588,7e-05,,1692.0,清,,,,,,
古籍::证治准绳·类方,古籍,证治准绳·类方,6.0,7,1.514,1e-05,,1602.0,明,,,,,,
古籍::周慎斋遗书,古籍,周慎斋遗书,12.0,13,2.052,3e-05,,1602.0,明,,,,,,
古籍::黄帝内经素问注证发微,古籍,黄帝内经素问注证发微,4.0,5,1.29,8e-05,,1586.0,明,,,,,,
古籍::脾胃论,古籍,脾胃论,9.0,10,1.85,8e-05,,1249.0,金元,,,,,,
古籍::竹亭医案女科,古籍,竹亭医案女科,10.0,11,1.179,7e-05,,1911.0,清,,,,,,
古籍::外科全生集,古籍,外科全生集,15.0,16,1.253,0.00013,,1740.0,清,,,,,,
古籍::订正仲景全书金匮要略注,古籍,订正仲景全书金匮要略注,9.0,10,1.873,3e-05,,1742.0,清,,,,,,
古籍::医学心悟,古籍,医学心悟,8.0,9,1.782,5e-05,,1732.0,清,,,,,,
古籍::遵生八笺,古籍,遵生八笺,3.0,4,1.255,3e-05,,1591.0,明,,,,,,
古籍::黄帝内经素问吴注,古籍,黄帝内经素问吴注,5.0,6,1.286,0.00021,,1594.0,明,,,,,,
古籍::三十年临证经验集,古籍,三十年临证经验集,5.0,6,1.325,0.00018,,1987.0,现代,,,,,,
古籍::名老中医陈治恒经验集,古籍,名老中医陈治恒经验集,12.0,13,1.43,8e-05,,2008.0,现代,,,,,,
古籍::目经大成,古籍,目经大成,13.0,14,1.768,0.00016,,1741.0,清,,,,,,
古籍::齐氏医案,古籍,齐氏医案,13.0,14,2.121,4e-05,,1760.0,清,,,,,,
古籍::医经原旨,古籍,医经原旨,6.0,7,1.397,8e-05,,1688.0,清,,,,,,
古籍::医学汇函,古籍,医学汇函,4.0,5,1.427,3e-05,,1584.0,明,,,,,,
古籍::伤寒温疫条辨,古籍,伤寒温疫条辨,9.0,10,1.487,6e-05,,1784.0,清,,,,,,
古籍::神农本草经译注,古籍,神农本草经译注,7.0,8,1.402,0.00026,,1982.0,现代,,,,,,
古籍::证治针经,古籍,证治针经,8.0,9,1.753,2e-05,,1823.0,清,,,,,,
古籍::续名医类案,古籍,续名医类案,9.0,10,1.828,7e-05,,1770.0,清,,,,,,
古籍::医方证治汇编歌诀,古籍,医方证治汇编歌诀,12.0,13,1.801,5e-05,,1897.0,清,,,,,,
古籍::本草述钩元,古籍,本草述钩元,7.0,8,1.391,4e-05,,1833.0,清,,,,,,
古籍::薛氏医案（四库本）,古籍,薛氏医案（四库本）,9.0,10,1.479,5e-05,,1529.0,明,,,,,,
古籍::古今医案按,古籍,古今医案按,8.0,9,1.727,4e-05,,1778.0,清,,,,,,
古籍::马培之医案,古籍,马培之医案,13.0,14,1.879,0.00021,,1893.0,清,,,,,,
古籍::千金翼方校释,古籍,千金翼方校释,4.0,5,1.173,6e-05,,682.0,隋唐五代,,,,,,
古籍::药性歌括四百味白话解,古籍,药性歌括四百味白话解,8.0,9,1.251,9e-05,,1591.0,明,,,,,,
古籍::医宗说约,古籍,医宗说约,14.0,15,2.183,3e-05,,1667.0,清,,,,,,
古籍::中医临证经验与方法,古籍,中医临证经验与方法,13.0,14,1.625,0.00037,,2006.0,现代,,,,,,
古籍::重订通俗伤寒论,古籍,重订通俗伤寒论,6.0,7,1.568,7e-05,,1956.0,现代,,,,,,
古籍::本草乘雅半偈,古籍,本草乘雅半偈,4.0,5,1.39,9e-05,,1647.0,清,,,,,,
古籍::针灸易学,古籍,针灸易学,1.0,2,1.092,2e-05,,1817.0,清,,,,,,
古籍::黄帝内经灵枢白话解,古籍,黄帝内经灵枢白话解,3.0,4,1.218,7e-05,,2012.0,现代,,,,,,
古籍::千金翼方,古籍,千金翼方,3.0,4,1.195,3e-05,,682.0,隋唐五代,,,,,,
古籍::素问绍识,古籍,素问绍识,3.0,4,1.209,7e-05,,1838.0,清,,,,,,
古籍::学古诊则,古籍,学古诊则,2.0,3,1.258,2e-05,,1689.0,清,,,,,,
古籍::外台秘要,古籍,外台秘要,4.0,5,1.13,3e-05,,752.0,隋唐五代,,,,,,
古籍::神灸经纶,古籍,神灸经纶,5.0,6,1.551,4e-05,,1851.0,清,,,,,,
古籍::医学从众录,古籍,医学从众录,9.0,10,1.621,0.00018,,1827.0,清,,,,,,
古籍::针灸经络腧穴歌诀白话解,古籍,针灸经络腧穴歌诀白话解,1.0,2,1.143,2e-05,,2007.0,现代,,,,,,
古籍::针灸问答,古籍,针灸问答,1.0,2,1.099,2e-05,,1999.0,现代,,,,,,
古籍::证治合参,古籍,证治合参,5.0,6,1.42,3e-05,,1729.0,清,,,,,,
古籍::丹溪手镜,古籍,丹溪手镜,2.0,3,1.239,3e-05,,1347.0,金元,,,,,,
古籍::万病回春,古籍,万病回春,6.0,7,1.175,5e-05,,1588.0,明,,,,,,
古籍::脉经,古籍,脉经,6.0,7,1.584,0.00033,,280.0,魏晋南北朝,,,,,,
古籍::血证论,古籍,血证论,10.0,11,1.867,4e-05,,1884.0,清,,,,,,
古籍::本草备要,古籍,本草备要,4.0,5,1.411,4e-05,,1683.0,清,,,,,,
古籍::本草汇纂,古籍,本草汇纂,4.0,5,1.411,2e-05,,1863.0,清,,,,,,
古籍::巢氏诸病源候总论（四库本）,古籍,巢氏诸病源候总论（四库本）,3.0,4,1.096,3e-05,,610.0,隋唐五代,,,,,,
古籍::感证集腋,古籍,感证集腋,3.0,4,1.343,3e-05,,1878.0,清,,,,,,
"古籍::古今图书集成医部全录011（359-380,外科）",古籍,"古今图书集成医部全录011（359-380,外科）",2.0,3,1.046,3e-05,,1934.0,民国,,,,,,
古籍::黄帝内经灵枢略,古籍,黄帝内经灵枢略,3.0,4,1.271,2e-05,,1445.0,明,,,,,,
古籍::经穴汇解,古籍,经穴汇解,1.0,2,1.092,2e-05,,1807.0,清,,,,,,
古籍::神农本草经疏,古籍,神农本草经疏,4.0,5,1.411,2e-05,,1625.0,明,,,,,,
古籍::名老中医之路,古籍,名老中医之路,9.0,10,1.783,0.00011,,1981.0,现代,,,,,,
古籍::勿听子俗解八十一难经,古籍,勿听子俗解八十一难经,1.0,2,1.154,0.0,,1368.0,明,,,,,,
古籍::医级,古籍,医级,5.0,6,1.184,4e-05,,1777.0,清,,,,,,
古籍::医学传心录,古籍,医学传心录,7.0,8,1.63,2e-05,,1732.0,清,,,,,,
古籍::玉台新案,古籍,玉台新案,11.0,12,1.929,0.00041,,535.0,魏晋南北朝,,,,,,
古籍::医心方,古籍,医心方,7.0,8,1.27,0.00028,,982.0,宋,,,,,,
古籍::罗氏会约医镜,古籍,罗氏会约医镜,5.0,6,1.461,3e-05,,1687.0,清,,,,,,
古籍::临证一得方,古籍,临证一得方,2.0,3,1.23,7e-05,,1833.0,清,,,,,,
古籍::秘方集验,古籍,秘方集验,10.0,11,1.845,2e-05,,1657.0,清,,,,,,
古籍::内经诠释,古籍,内经诠释,7.0,8,1.636,8e-05,,2003.0,现代,,,,,,
古籍::伤科汇纂,古籍,伤科汇纂,3.0,4,1.074,3e-05,,1852.0,清,,,,,,
古籍::王氏医案,古籍,王氏医案,7.0,8,1.636,8e-05,,1824.0,清,,,,,,
古籍::医学举要,古籍,医学举要,10.0,11,1.845,4e-05,,1886.0,清,,,,,,
古籍::医宗必读,古籍,医宗必读,2.0,3,1.23,1e-05,,1637.0,明,,,,,,
古籍::友渔斋医话,古籍,友渔斋医话,3.0,4,1.315,0.0001,,1812.0,清,,,,,,
古籍::专治麻痧初编,古籍,专治麻痧初编,4.0,5,1.428,2e-05,,1853.0,清,,,,,,
古籍::成方切用,古籍,成方切用,6.0,7,1.428,0.00011,,1682.0,清,,,,,,
古籍::解围元薮,古籍,解围元薮,8.0,9,1.676,0.00021,,1550.0,明,,,,,,
古籍::儒门事亲,古籍,儒门事亲,3.0,4,1.213,9e-05,,1228.0,金元,,,,,,
古籍::金匮方歌括白话解,古籍,金匮方歌括白话解,7.0,8,1.503,5e-05,,2006.0,现代,,,,,,
古籍::古今医案按（王孟英按）,古籍,古今医案按（王孟英按）,5.0,6,1.461,5e-05,,1851.0,清,,,,,,
古籍::临证指南医案,古籍,临证指南医案,1.0,2,1.146,1e-05,,1764.0,清,,,,,,
古籍::普济方（四库本121-180卷）,古籍,普济方（四库本121-180卷）,1.0,2,1.137,1e-05,,1406.0,明,,,,,,
古籍::任应秋讲黄帝内经灵枢,古籍,任应秋讲黄帝内经灵枢,1.0,2,1.099,2e-05,,1982.0,现代,,,,,,
古籍::伤寒杂病论义疏,古籍,伤寒杂病论义疏,1.0,2,1.146,2e-05,,1924.0,民国,,,,,,
古籍::急危重症疑难病经验专辑,古籍,急危重症疑难病经验专辑,9.0,10,1.152,0.00017,,2002.0,现代,,,,,,
古籍::增订通俗伤寒论,古籍,增订通俗伤寒论,6.0,7,1.529,2e-05,,1916.0,民国,,,,,,
古籍::针方六集,古籍,针方六集,3.0,4,1.213,7e-05,,1688.0,清,,,,,,
古籍::章次公医案中附子的应用,古籍,章次公医案中附子的应用,8.0,9,1.135,8e-05,,2012.0,现代,,,,,,
古籍::中藏经,古籍,中藏经,2.0,3,1.144,0.0003,,250.0,魏晋南北朝,,,,,,
古籍::证治准绳·疡医,古籍,证治准绳·疡医,6.0,7,1.118,6e-05,,1602.0,明,,,,,,
古籍::黄帝素问宣明论方,古籍,黄帝素问宣明论方,5.0,6,1.31,6e-05,,1172.0,金元,,,,,,
古籍::伏邪新书,古籍,伏邪新书,8.0,9,1.676,0.00025,,1895.0,清,,,,,,
古籍::本草新编,古籍,本草新编,7.0,8,1.389,7e-05,,1687.0,清,,,,,,
古籍::经络全书,古籍,经络全书,5.0,6,1.394,4e-05,,1576.0,明,,,,,,
古籍::历代本草药性汇解116种,古籍,历代本草药性汇解116种,6.0,7,1.169,0.00011,,2003.0,现代,,,,,,
古籍::痎疟论疏（四库本）,古籍,痎疟论疏（四库本）,2.0,3,1.246,2e-05,,1657.0,清,,,,,,
古籍::施杞医案,古籍,施杞医案,3.0,4,1.058,6e-05,,2015.0,现代,,,,,,
古籍::孙真人备急千金要方（道藏本）,古籍,孙真人备急千金要方（道藏本）,3.0,4,1.13,5e-05,,652.0,隋唐五代,,,,,,
古籍::种福堂公选良方,古籍,种福堂公选良方,8.0,9,1.676,6e-05,,1803.0,清,,,,,,
古籍::辨证录,古籍,辨证录,3.0,4,1.292,8e-05,,1687.0,清,,,,,,
古籍::简明医彀,古籍,简明医彀,3.0,4,1.158,3e-05,,1629.0,明,,,,,,
古籍::格致余论,古籍,格致余论,7.0,8,1.591,4e-05,,1347.0,金元,,,,,,
古籍::急救广生集,古籍,急救广生集,5.0,6,1.089,0.00017,,1795.0,清,,,,,,
古籍::古今医学捷要六书,古籍,古今医学捷要六书,2.0,3,1.23,2e-05,,1546.0,明,,,,,,
古籍::顾氏医案,古籍,顾氏医案,1.0,2,1.135,1e-05,,1904.0,清,,,,,,
古籍::黄帝内经素问,古籍,黄帝内经素问,1.0,2,1.034,9e-05,,221.0,魏晋南北朝,,,,,,
古籍::仁斋直指方论（附补遗）,古籍,仁斋直指方论（附补遗）,3.0,4,1.234,6e-05,,1264.0,金元,,,,,,
"古籍::古今图书集成医部全录013（401-458,儿科）",古籍,"古今图书集成医部全录013（401-458,儿科）",5.0,6,1.21,3e-05,,1934.0,民国,,,,,,
古籍::脉诀乳海,古籍,脉诀乳海,2.0,3,1.214,4e-05,,1891.0,清,,,,,,
古籍::勉学堂针灸集成,古籍,勉学堂针灸集成,1.0,2,1.061,2e-05,,1874.0,清,,,,,,
古籍::评琴书屋医略,古籍,评琴书屋医略,7.0,8,1.591,7e-05,,2018.0,现代,,,,,,
古籍::鸡峰普济方,古籍,鸡峰普济方,6.0,7,1.101,4e-05,,1133.0,金元,,,,,,
古籍::医原,古籍,医原,4.0,5,1.287,9e-05,,1861.0,清,,,,,,
古籍::痧疹辑要,古籍,痧疹辑要,7.0,8,1.591,2e-05,,1801.0,清,,,,,,
古籍::素问灵枢类纂约注,古籍,素问灵枢类纂约注,3.0,4,1.19,5e-05,,1670.0,清,,,,,,
古籍::素问灵枢心得,古籍,素问灵枢心得,3.0,4,1.234,5e-05,,2010.0,现代,,,,,,
古籍::图注脉诀辨真,古籍,图注脉诀辨真,4.0,5,1.338,8e-05,,1522.0,明,,,,,,
古籍::虚劳要旨,古籍,虚劳要旨,3.0,4,1.292,4e-05,,1700.0,清,,,,,,
古籍::养生类纂,古籍,养生类纂,3.0,4,1.118,7e-05,,1250.0,金元,,,,,,
古籍::长沙方歌括白话解,古籍,长沙方歌括白话解,7.0,8,1.118,0.00017,,1803.0,清,,,,,,
古籍::外科大成,古籍,外科大成,2.0,3,1.208,1e-05,,1665.0,清,,,,,,
古籍::济众新编,古籍,济众新编,3.0,4,1.123,3e-05,,1799.0,清,,,,,,
古籍::丹溪心法,古籍,丹溪心法,6.0,7,1.101,6e-05,,1347.0,金元,,,,,,
古籍::石室秘录,古籍,石室秘录,6.0,7,1.507,4e-05,,1687.0,清,,,,,,
古籍::痎疟论疏,古籍,痎疟论疏,2.0,3,1.208,2e-05,,1657.0,清,,,,,,
古籍::金匮翼,古籍,金匮翼,4.0,5,1.135,0.0001,,1768.0,清,,,,,,
古籍::内经评文,古籍,内经评文,3.0,4,1.208,7e-05,,1898.0,清,,,,,,
古籍::伤科大成,古籍,伤科大成,6.0,7,1.101,0.0001,,1847.0,清,,,,,,
古籍::名医类案,古籍,名医类案,6.0,7,1.203,1e-05,,1549.0,明,,,,,,
古籍::先醒斋广笔记,古籍,先醒斋广笔记,6.0,7,1.507,2e-05,,1622.0,明,,,,,,
古籍::医源,古籍,医源,4.0,5,1.36,6e-05,,2009.0,现代,,,,,,
古籍::邹亦仲医案新编,古籍,邹亦仲医案新编,6.0,7,1.507,7e-05,,2013.0,现代,,,,,,
古籍::扁鹊神应针灸玉龙经,古籍,扁鹊神应针灸玉龙经,1.0,2,1.09,2e-05,,1329.0,金元,,,,,,
古籍::方症会要,古籍,方症会要,1.0,2,1.123,1e-05,,1756.0,清,,,,,,
古籍::华佗神方,古籍,华佗神方,2.0,3,1.106,3e-05,,1880.0,清,,,,,,
古籍::奉时旨要,古籍,奉时旨要,2.0,3,1.049,3e-05,,1830.0,清,,,,,,
古籍::伏气解,古籍,伏气解,2.0,3,1.214,2e-05,,1897.0,清,,,,,,
古籍::医学正传,古籍,医学正传,2.0,3,1.214,2e-05,,1515.0,明,,,,,,
古籍::医经小学,古籍,医经小学,2.0,3,1.106,5e-05,,1350.0,金元,,,,,,
古籍::脉确,古籍,脉确,2.0,3,1.214,2e-05,,1689.0,清,,,,,,
古籍::金匮要略直解,古籍,金匮要略直解,4.0,5,1.338,2e-05,,1695.0,清,,,,,,
古籍::金匮玉函要略述义,古籍,金匮玉函要略述义,1.0,2,1.123,1e-05,,1854.0,清,,,,,,
古籍::理虚元鉴,古籍,理虚元鉴,3.0,4,1.276,3e-05,,1644.0,清,,,,,,
古籍::柳选四家医案,古籍,柳选四家医案,1.0,2,1.025,1e-05,,1904.0,清,,,,,,
古籍::名老中医邓明鲁经验集,古籍,名老中医邓明鲁经验集,3.0,4,1.055,2e-05,,2010.0,现代,,,,,,
古籍::名老中医陆鸿滨经验集,古籍,名老中医陆鸿滨经验集,5.0,6,1.422,6e-05,,2011.0,现代,,,,,,
古籍::难经译注,古籍,难经译注,2.0,3,1.192,6e-05,,1995.0,现代,,,,,,
古籍::内外伤寒辩惑论（四库本）,古籍,内外伤寒辩惑论（四库本）,2.0,3,1.214,5e-05,,1232.0,金元,,,,,,
古籍::彭鑫博士中医文集,古籍,彭鑫博士中医文集,1.0,2,1.098,1e-05,,2020.0,现代,,,,,,
古籍::秘传证治要诀及类方,古籍,秘传证治要诀及类方,5.0,6,1.084,1e-05,,1264.0,金元,,,,,,
古籍::三因极一病证方论,古籍,三因极一病证方论,2.0,3,1.076,2e-05,,1174.0,金元,,,,,,
古籍::十四经发挥,古籍,十四经发挥,1.0,2,1.057,2e-05,,1341.0,金元,,,,,,
古籍::素问灵枢合集精校,古籍,素问灵枢合集精校,3.0,4,1.135,8e-05,,2008.0,现代,,,,,,
古籍::塘医话,古籍,塘医话,2.0,3,1.214,6e-05,,1980.0,现代,,,,,,
古籍::素问玄机原病式,古籍,素问玄机原病式,2.0,3,1.106,5e-05,,1186.0,金元,,,,,,
古籍::虚损启微,古籍,虚损启微,3.0,4,1.203,4e-05,,1644.0,清,,,,,,
古籍::养生导引秘籍,古籍,养生导引秘籍,2.0,3,1.049,4e-05,,1995.0,现代,,,,,,
古籍::药笼小品,古籍,药笼小品,2.0,3,1.214,1e-05,,1851.0,清,,,,,,
古籍::医方选要,古籍,医方选要,2.0,3,1.124,2e-05,,1495.0,明,,,,,,
古籍::医经读,古籍,医经读,4.0,5,1.27,6e-05,,1854.0,清,,,,,,
古籍::医学答问,古籍,医学答问,3.0,4,1.276,2e-05,,1895.0,清,,,,,,
古籍::医学阶梯,古籍,医学阶梯,2.0,3,1.214,4e-05,,1704.0,清,,,,,,
古籍::医学碎金,古籍,医学碎金,1.0,2,1.123,1e-05,,1696.0,清,,,,,,
古籍::医学要数,古籍,医学要数,2.0,3,1.214,2e-05,,1600.0,明,,,,,,
古籍::针灸神书,古籍,针灸神书,2.0,3,1.192,6e-05,,1341.0,金元,,,,,,
古籍::治验回忆录,古籍,治验回忆录,5.0,6,1.422,8e-05,,1983.0,现代,,,,,,
古籍::中藏经校注,古籍,中藏经校注,1.0,2,1.025,2e-05,,1987.0,现代,,,,,,
古籍::中医奇证新编,古籍,中医奇证新编,5.0,6,1.169,9e-05,,2001.0,现代,,,,,,
古籍::重订广温热论,古籍,重订广温热论,4.0,5,1.338,8e-05,,1911.0,清,,,,,,
古籍::重辑严氏济生方,古籍,重辑严氏济生方,2.0,3,1.055,3e-05,,1253.0,金元,,,,,,
古籍::朱良春经验精华全集,古籍,朱良春经验精华全集,5.0,6,1.084,5e-05,,2008.0,现代,,,,,,
古籍::本草蒙筌,古籍,本草蒙筌,4.0,5,1.338,1e-05,,1566.0,明,,,,,,
古籍::陆懋修医书文十六卷,古籍,陆懋修医书文十六卷,2.0,3,1.109,1e-05,,1866.0,清,,,,,,
古籍::回春录,古籍,回春录,4.0,5,1.338,2e-05,,1824.0,清,,,,,,
古籍::金匮要略广注,古籍,金匮要略广注,3.0,4,1.186,3e-05,,1679.0,清,,,,,,
古籍::救伤秘旨续刻,古籍,救伤秘旨续刻,4.0,5,1.068,0.0001,,1852.0,清,,,,,,
古籍::良朋汇集经验神方,古籍,良朋汇集经验神方,4.0,5,1.068,6e-05,,1711.0,清,,,,,,
古籍::灵素节要浅注,古籍,灵素节要浅注,3.0,4,1.203,5e-05,,1866.0,清,,,,,,
古籍::脉症治方,古籍,脉症治方,2.0,3,1.192,1e-05,,1644.0,清,,,,,,
古籍::内外伤辨,古籍,内外伤辨,2.0,3,1.192,5e-05,,1232.0,金元,,,,,,
古籍::重庆堂随笔,古籍,重庆堂随笔,2.0,3,1.192,2e-05,,1852.0,清,,,,,,
古籍::王氏医案绎注,古籍,王氏医案绎注,4.0,5,1.338,3e-05,,1919.0,民国,,,,,,
古籍::医学要诀,古籍,医学要诀,2.0,3,1.192,1e-05,,1674.0,清,,,,,,
古籍::婴童类萃,古籍,婴童类萃,2.0,3,1.109,1e-05,,1591.0,明,,,,,,
古籍::治病法轨,古籍,治病法轨,2.0,3,1.192,1e-05,,1900.0,清,,,,,,
古籍::濒湖脉学（白话解）,古籍,濒湖脉学（白话解）,2.0,3,1.118,2e-05,,1564.0,明,,,,,,
古籍::苍生司命,古籍,苍生司命,2.0,3,1.118,2e-05,,1628.0,明,,,,,,
古籍::程杏轩医案,古籍,程杏轩医案,2.0,3,1.144,6e-05,,1829.0,清,,,,,,
古籍::春脚集,古籍,春脚集,3.0,4,1.051,1e-05,,1825.0,清,,,,,,
古籍::戴丽三医疗经验选,古籍,戴丽三医疗经验选,3.0,4,1.253,6e-05,,2011.0,现代,,,,,,
古籍::洞天奥旨,古籍,洞天奥旨,3.0,4,1.253,1e-05,,1694.0,清,,,,,,
古籍::丹台玉案,古籍,丹台玉案,1.0,2,1.107,1e-05,,1636.0,明,,,,,,
古籍::福寿丹书,古籍,福寿丹书,1.0,2,1.107,0.0,,1638.0,明,,,,,,
古籍::䱐溪秘传简验方,古籍,䱐溪秘传简验方,3.0,4,1.253,3e-05,,1918.0,民国,,,,,,
古籍::覆载万安方,古籍,覆载万安方,2.0,3,1.118,4e-05,,1331.0,金元,,,,,,
古籍::食疗本草,古籍,食疗本草,1.0,2,1.107,3e-05,,700.0,隋唐五代,,,,,,
古籍::外科心法要诀,古籍,外科心法要诀,1.0,2,1.107,1e-05,,1742.0,清,,,,,,
古籍::医经国小,古籍,医经国小,2.0,3,1.101,5e-05,,1340.0,金元,,,,,,
古籍::本经疏证,古籍,本经疏证,2.0,3,1.101,6e-05,,1837.0,清,,,,,,
古籍::皇汉医学,古籍,皇汉医学,2.0,3,1.034,2e-05,,1934.0,民国,,,,,,
古籍::类经图翼,古籍,类经图翼,1.0,2,1.064,1e-05,,1624.0,明,,,,,,
古籍::鸡鸣录,古籍,鸡鸣录,3.0,4,1.051,6e-05,,1850.0,清,,,,,,
古籍::难经校注,古籍,难经校注,2.0,3,1.101,6e-05,,1980.0,现代,,,,,,
古籍::难经悬解,古籍,难经悬解,2.0,3,1.169,2e-05,,1756.0,清,,,,,,
古籍::难经正义,古籍,难经正义,2.0,3,1.169,2e-05,,1883.0,清,,,,,,
古籍::内经知要浅解,古籍,内经知要浅解,1.0,2,1.107,1e-05,,1642.0,明,,,,,,
古籍::青囊药性赋,古籍,青囊药性赋,1.0,2,1.021,2e-05,,2015.0,现代,,,,,,
古籍::本草品汇精要,古籍,本草品汇精要,3.0,4,1.051,1e-05,,1505.0,明,,,,,,
古籍::怡堂散记,古籍,怡堂散记,3.0,4,1.253,2e-05,,1785.0,清,,,,,,
古籍::三因司天方,古籍,三因司天方,3.0,4,1.253,4e-05,,1174.0,金元,,,,,,
古籍::审视瑶函,古籍,审视瑶函,1.0,2,1.107,2e-05,,1644.0,清,,,,,,
古籍::诸病源候论,古籍,诸病源候论,1.0,2,1.021,1e-05,,610.0,隋唐五代,,,,,,
古籍::四诊抉微,古籍,四诊抉微,1.0,2,1.102,1e-05,,1723.0,清,,,,,,
古籍::宋徽宗圣济经,古籍,宋徽宗圣济经,1.0,2,1.021,1e-05,,1118.0,金元,,,,,,
古籍::素问六气玄珠密语,古籍,素问六气玄珠密语,1.0,2,1.107,3e-05,,759.0,隋唐五代,,,,,,
古籍::彤园医书（妇人科）,古籍,彤园医书（妇人科）,3.0,4,1.051,1e-05,,1796.0,清,,,,,,
古籍::小品方,古籍,小品方,3.0,4,1.253,9e-05,,500.0,魏晋南北朝,,,,,,
古籍::校注医醇賸义,古籍,校注医醇賸义,1.0,2,1.107,1e-05,,1863.0,清,,,,,,
古籍::徐批叶天士晚年方案真本,古籍,徐批叶天士晚年方案真本,1.0,2,1.107,1e-05,,1700.0,清,,,,,,
古籍::循经考穴编,古籍,循经考穴编,1.0,2,1.107,1e-05,,1799.0,清,,,,,,
古籍::叶选医衡,古籍,叶选医衡,2.0,3,1.101,3e-05,,1746.0,清,,,,,,
古籍::医阶辨证,古籍,医阶辨证,2.0,3,1.076,2e-05,,1717.0,清,,,,,,
古籍::医脉真经,古籍,医脉真经,1.0,2,1.107,4e-05,,2005.0,现代,,,,,,
古籍::医门法律,古籍,医门法律,2.0,3,1.101,3e-05,,1658.0,清,,,,,,
古籍::医效秘传,古籍,医效秘传,1.0,2,1.043,1e-05,,1743.0,清,,,,,,
古籍::儿科要略,古籍,儿科要略,3.0,4,1.253,1e-05,,1934.0,民国,,,,,,
古籍::医学指归,古籍,医学指归,1.0,2,1.107,1e-05,,1832.0,清,,,,,,
古籍::幼幼集成,古籍,幼幼集成,1.0,2,1.107,1e-05,,1750.0,清,,,,,,
古籍::脏腑虚实标本用药式,古籍,脏腑虚实标本用药式,1.0,2,1.107,3e-05,,1186.0,金元,,,,,,
古籍::增补内经拾遗方论,古籍,增补内经拾遗方论,1.0,2,1.021,1e-05,,1659.0,清,,,,,,
古籍::增补评注柳选医案,古籍,增补评注柳选医案,1.0,2,1.107,1e-05,,1893.0,清,,,,,,
古籍::折肱漫录,古籍,折肱漫录,1.0,2,1.107,1e-05,,1693.0,清,,,,,,
古籍::本草便读,古籍,本草便读,2.0,3,1.169,1e-05,,1887.0,清,,,,,,
古籍::本草崇原,古籍,本草崇原,2.0,3,1.034,1e-05,,1669.0,清,,,,,,
古籍::本草汇言,古籍,本草汇言,2.0,3,1.034,1e-05,,1624.0,明,,,,,,
古籍::本草约言,古籍,本草约言,2.0,3,1.034,2e-05,,1660.0,清,,,,,,
古籍::本草分经,古籍,本草分经,2.0,3,1.169,1e-05,,1798.0,清,,,,,,
古籍::本经逢原,古籍,本经逢原,2.0,3,1.169,1e-05,,1695.0,清,,,,,,
古籍::扁鹊心书,古籍,扁鹊心书,2.0,3,1.169,3e-05,,1146.0,金元,,,,,,
古籍::冯氏锦囊秘录杂症痘疹药性主治合参,古籍,冯氏锦囊秘录杂症痘疹药性主治合参,2.0,3,1.169,1e-05,,1694.0,清,,,,,,
古籍::高注金匮要略,古籍,高注金匮要略,2.0,3,1.118,2e-05,,1727.0,清,,,,,,
古籍::医方集宜,古籍,医方集宜,2.0,3,1.169,1e-05,,1585.0,明,,,,,,
古籍::鲁府禁方,古籍,鲁府禁方,2.0,3,1.034,1e-05,,1594.0,明,,,,,,
古籍::随息居饮食谱,古籍,随息居饮食谱,2.0,3,1.034,4e-05,,1861.0,清,,,,,,
古籍::古今医案按选,古籍,古今医案按选,2.0,3,1.169,1e-05,,1853.0,清,,,,,,
古籍::桂林古本伤寒杂病论,古籍,桂林古本伤寒杂病论,2.0,3,1.169,2e-05,,1934.0,民国,,,,,,
古籍::何氏虚劳心传,古籍,何氏虚劳心传,2.0,3,1.169,1e-05,,1832.0,清,,,,,,
古籍::经方发挥,古籍,经方发挥,2.0,3,1.169,3e-05,,2009.0,现代,,,,,,
古籍::本草乘雅半偈（四库本）,古籍,本草乘雅半偈（四库本）,2.0,3,1.169,3e-05,,1647.0,清,,,,,,
古籍::济世全书,古籍,济世全书,2.0,3,1.034,1e-05,,1616.0,明,,,,,,
古籍::脚气钩要,古籍,脚气钩要,2.0,3,1.169,1e-05,,1861.0,清,,,,,,
古籍::金匮要略注,古籍,金匮要略注,2.0,3,1.068,2e-05,,1671.0,清,,,,,,
古籍::金匮玉函要略辑义,古籍,金匮玉函要略辑义,2.0,3,1.034,0.0,,1811.0,清,,,,,,
古籍::经方使用手册,古籍,经方使用手册,2.0,3,1.034,0.00226,,,未知,,,,,,
古籍::经方亦步亦趋录,古籍,经方亦步亦趋录,2.0,3,1.034,4e-05,,2011.0,现代,,,,,,
古籍::经验良方全集,古籍,经验良方全集,2.0,3,1.169,1e-05,,1863.0,清,,,,,,
古籍::麻科活人全书,古籍,麻科活人全书,2.0,3,1.169,1e-05,,1748.0,清,,,,,,
古籍::名老中医金世元经验集,古籍,名老中医金世元经验集,2.0,3,1.034,1e-05,,2012.0,现代,,,,,,
古籍::医学妙谛,古籍,医学妙谛,2.0,3,1.169,1e-05,,1853.0,清,,,,,,
古籍::三家医案合刻,古籍,三家医案合刻,2.0,3,1.169,2e-05,,1831.0,清,,,,,,
古籍::伤寒杂病论桂林古本,古籍,伤寒杂病论桂林古本,2.0,3,1.169,4e-05,,1956.0,现代,,,,,,
古籍::武当淮河派丹丸膏散秘方,古籍,武当淮河派丹丸膏散秘方,2.0,3,1.034,2e-05,,2001.0,现代,,,,,,
古籍::一瓢医案,古籍,一瓢医案,2.0,3,1.169,1e-05,,1754.0,清,,,,,,
古籍::医门补要,古籍,医门补要,2.0,3,1.169,1e-05,,1883.0,清,,,,,,
古籍::身经通考,古籍,身经通考,2.0,3,1.169,1e-05,,1688.0,清,,,,,,
古籍::增订叶评伤暑全书,古籍,增订叶评伤暑全书,2.0,3,1.169,2e-05,,1653.0,清,,,,,,
古籍::图经衍义本草,古籍,图经衍义本草,2.0,3,1.169,2e-05,,1116.0,金元,,,,,,
古籍::百家针灸歌赋,古籍,百家针灸歌赋,1.0,2,1.084,1e-05,,1439.0,明,,,,,,
古籍::扁鹊神应针灸玉龙经（四库本）,古籍,扁鹊神应针灸玉龙经（四库本）,1.0,2,1.084,3e-05,,1343.0,金元,,,,,,
古籍::曹仁伯医案,古籍,曹仁伯医案,1.0,2,1.017,2e-05,,1992.0,现代,,,,,,
古籍::曹氏伤寒金匮发微合刊,古籍,曹氏伤寒金匮发微合刊,1.0,2,1.059,2e-05,,1956.0,现代,,,,,,
古籍::巢氏病源补养宣导法,古籍,巢氏病源补养宣导法,1.0,2,1.017,1e-05,,610.0,隋唐五代,,,,,,
古籍::崇实堂医案,古籍,崇实堂医案,1.0,2,1.084,2e-05,,1672.0,清,,,,,,
古籍::慈济医话,古籍,慈济医话,1.0,2,1.084,1e-05,,1924.0,民国,,,,,,
古籍::此事难知,古籍,此事难知,1.0,2,1.084,3e-05,,1358.0,金元,,,,,,
古籍::丹溪脉诀指掌,古籍,丹溪脉诀指掌,1.0,2,1.084,3e-05,,1347.0,金元,,,,,,
古籍::丹溪心法附余,古籍,丹溪心法附余,1.0,2,1.017,1e-05,,1536.0,明,,,,,,
古籍::滇南本草,古籍,滇南本草,1.0,2,1.084,1e-05,,1436.0,明,,,,,,
古籍::读肘后方,古籍,读肘后方,1.0,2,1.017,3e-05,,1800.0,清,,,,,,
古籍::对山医话,古籍,对山医话,1.0,2,1.084,1e-05,,1838.0,清,,,,,,
古籍::经验丹方汇编,古籍,经验丹方汇编,1.0,2,1.084,1e-05,,1707.0,清,,,,,,
古籍::幼幼新书,古籍,幼幼新书,1.0,2,1.084,1e-05,,1150.0,金元,,,,,,
"古籍::古今图书集成医部全录015（501-520,综录）",古籍,"古今图书集成医部全录015（501-520,综录）",1.0,2,1.017,1e-05,,1934.0,民国,,,,,,
古籍::类经附翼,古籍,类经附翼,1.0,2,1.084,1e-05,,1624.0,明,,,,,,
古籍::类伤寒集补,古籍,类伤寒集补,1.0,2,1.084,1e-05,,1811.0,清,,,,,,
古籍::凌门传授铜人指穴,古籍,凌门传授铜人指穴,1.0,2,1.084,2e-05,,1702.0,清,,,,,,
古籍::胡希恕金匮要略讲座,古籍,胡希恕金匮要略讲座,1.0,2,1.059,2e-05,,2007.0,现代,,,,,,
古籍::脉经校注,古籍,脉经校注,1.0,2,1.084,2e-05,,1956.0,现代,,,,,,
古籍::脉说,古籍,脉说,1.0,2,1.068,1e-05,,1686.0,清,,,,,,
古籍::针灸集成,古籍,针灸集成,1.0,2,1.017,2e-05,,1874.0,清,,,,,,
古籍::活人事证方后集,古籍,活人事证方后集,1.0,2,1.034,1e-05,,1214.0,金元,,,,,,
古籍::江泽之医案,古籍,江泽之医案,1.0,2,1.084,2e-05,,1900.0,清,,,,,,
古籍::金匮要略方论本义,古籍,金匮要略方论本义,1.0,2,1.034,1e-05,,1720.0,清,,,,,,
古籍::金匮要略论注,古籍,金匮要略论注,1.0,2,1.084,1e-05,,1670.0,清,,,,,,
古籍::金针秘传,古籍,金针秘传,1.0,2,1.017,1e-05,,1937.0,民国,,,,,,
古籍::经方临证指南,古籍,经方临证指南,1.0,2,1.034,2e-05,,2013.0,现代,,,,,,
古籍::经穴纂要,古籍,经穴纂要,1.0,2,1.084,2e-05,,1810.0,清,,,,,,
古籍::经验济世良方,古籍,经验济世良方,1.0,2,1.084,1e-05,,1560.0,明,,,,,,
古籍::灸法秘传,古籍,灸法秘传,1.0,2,1.084,1e-05,,1881.0,清,,,,,,
古籍::考正周身穴法歌,古籍,考正周身穴法歌,1.0,2,1.017,2e-05,,1874.0,清,,,,,,
古籍::临证经应录,古籍,临证经应录,1.0,2,1.017,1e-05,,1859.0,清,,,,,,
古籍::临症经应录,古籍,临症经应录,1.0,2,1.017,1e-05,,1859.0,清,,,,,,
古籍::灵枢（条列版）,古籍,灵枢（条列版）,1.0,2,1.084,2e-05,,2018.0,现代,,,,,,
古籍::脉理求真,古籍,脉理求真,1.0,2,1.084,1e-05,,1769.0,清,,,,,,
古籍::素问心得,古籍,素问心得,1.0,2,1.084,2e-05,,2006.0,现代,,,,,,
古籍::毛对山医话,古籍,毛对山医话,1.0,2,1.084,1e-05,,1903.0,清,,,,,,
古籍::眉寿堂方案选存,古籍,眉寿堂方案选存,1.0,2,1.084,1e-05,,1937.0,民国,,,,,,
古籍::名老中医邓铁涛经验集,古籍,名老中医邓铁涛经验集,1.0,2,1.084,4e-05,,2005.0,现代,,,,,,
古籍::名老中医李明富临床经验,古籍,名老中医李明富临床经验,1.0,2,1.017,1e-05,,2018.0,现代,,,,,,
古籍::名老中医刘炳凡经验集,古籍,名老中医刘炳凡经验集,1.0,2,1.017,1e-05,,2007.0,现代,,,,,,
古籍::名老中医欧阳锜经验集,古籍,名老中医欧阳锜经验集,1.0,2,1.017,2e-05,,2009.0,现代,,,,,,
古籍::名老中医裘沛然临床经验,古籍,名老中医裘沛然临床经验,1.0,2,1.017,1e-05,,2004.0,现代,,,,,,
古籍::名老中医魏稼经验集,古籍,名老中医魏稼经验集,1.0,2,1.034,1e-05,,2006.0,现代,,,,,,
古籍::名老中医余瀛鳌经验集,古籍,名老中医余瀛鳌经验集,1.0,2,1.017,1e-05,,2014.0,现代,,,,,,
古籍::名老中医张绚邦经验集,古籍,名老中医张绚邦经验集,1.0,2,1.084,2e-05,,2016.0,现代,,,,,,
古籍::名老中医赵金铎经验集,古籍,名老中医赵金铎经验集,1.0,2,1.017,4e-05,,2010.0,现代,,,,,,
古籍::明医杂著,古籍,明医杂著,1.0,2,1.084,1e-05,,1549.0,明,,,,,,
古籍::难经,古籍,难经,1.0,2,1.084,0.00059,,150.0,秦汉,,,,,,
古籍::难经古义,古籍,难经古义,1.0,2,1.084,1e-05,,1869.0,清,,,,,,
古籍::内经评文素问,古籍,内经评文素问,1.0,2,1.084,2e-05,,2015.0,现代,,,,,,
古籍::普济方（婴孩）,古籍,普济方（婴孩）,1.0,2,1.084,0.0,,1406.0,明,,,,,,
古籍::千金宝要,古籍,千金宝要,1.0,2,1.084,3e-05,,1124.0,金元,,,,,,
古籍::谦斋医学文稿,古籍,谦斋医学文稿,1.0,2,1.034,2e-05,,1959.0,现代,,,,,,
古籍::明医指掌,古籍,明医指掌,1.0,2,1.034,0.0,,1627.0,明,,,,,,
古籍::三消论,古籍,三消论,1.0,2,1.017,1e-05,,1232.0,金元,,,,,,
古籍::三元参赞延寿书,古籍,三元参赞延寿书,1.0,2,1.017,1e-05,,1291.0,金元,,,,,,
古籍::伤寒广要,古籍,伤寒广要,1.0,2,1.084,1e-05,,1670.0,清,,,,,,
古籍::伤寒论纲目,古籍,伤寒论纲目,1.0,2,1.084,1e-05,,1673.0,清,,,,,,
古籍::伤寒论辑义,古籍,伤寒论辑义,1.0,2,1.084,1e-05,,1801.0,清,,,,,,
古籍::伤寒论条辨,古籍,伤寒论条辨,1.0,2,1.084,0.0,,1589.0,明,,,,,,
古籍::伤寒溯源集,古籍,伤寒溯源集,1.0,2,1.084,1e-05,,1724.0,清,,,,,,
古籍::食鉴本草,古籍,食鉴本草,1.0,2,1.084,1e-05,,1721.0,清,,,,,,
古籍::针灸资生经,古籍,针灸资生经,1.0,2,1.017,1e-05,,1220.0,金元,,,,,,
古籍::寿亲养老新书,古籍,寿亲养老新书,1.0,2,1.084,1e-05,,1217.0,金元,,,,,,
古籍::鼠疫汇编,古籍,鼠疫汇编,1.0,2,1.017,1e-05,,1891.0,清,,,,,,
古籍::四诊集成,古籍,四诊集成,1.0,2,1.084,1e-05,,1835.0,清,,,,,,
古籍::松峰说疫,古籍,松峰说疫,1.0,2,1.084,1e-05,,1782.0,清,,,,,,
古籍::针灸聚英,古籍,针灸聚英,1.0,2,1.084,1e-05,,1529.0,明,,,,,,
古籍::素问要旨论,古籍,素问要旨论,1.0,2,1.034,1e-05,,1182.0,金元,,,,,,
古籍::孙培荣针灸验案汇编,古籍,孙培荣针灸验案汇编,1.0,2,1.084,4e-05,,2003.0,现代,,,,,,
古籍::痰火点雪,古籍,痰火点雪,1.0,2,1.084,1e-05,,1630.0,明,,,,,,
古籍::推拿抉微,古籍,推拿抉微,1.0,2,1.034,1e-05,,1905.0,清,,,,,,
古籍::万氏家传养生四要,古籍,万氏家传养生四要,1.0,2,1.084,0.0,,1549.0,明,,,,,,
古籍::万氏秘传片玉心书,古籍,万氏秘传片玉心书,1.0,2,1.084,0.0,,1549.0,明,,,,,,
古籍::王雪华讲金匮要略,古籍,王雪华讲金匮要略,1.0,2,1.084,4e-05,,2007.0,现代,,,,,,
古籍::王仲奇医案,古籍,王仲奇医案,1.0,2,1.034,2e-05,,1985.0,现代,,,,,,
古籍::温病辨症,古籍,温病辨症,1.0,2,1.084,2e-05,,1990.0,现代,,,,,,
古籍::吴鞠通医案,古籍,吴鞠通医案,1.0,2,1.084,1e-05,,1813.0,清,,,,,,
古籍::洗冤集录,古籍,洗冤集录,1.0,2,1.017,3e-05,,1247.0,金元,,,,,,
古籍::小儿卫生总微论方,古籍,小儿卫生总微论方,1.0,2,1.034,3e-05,,1156.0,金元,,,,,,
古籍::虚损病类钩沉,古籍,虚损病类钩沉,1.0,2,1.034,2e-05,,2004.0,现代,,,,,,
古籍::研经言,古籍,研经言,1.0,2,1.017,2e-05,,1850.0,清,,,,,,
古籍::养性延命录,古籍,养性延命录,1.0,2,1.017,9e-05,,536.0,魏晋南北朝,,,,,,
古籍::药理近考,古籍,药理近考,1.0,2,1.084,4e-05,,1988.0,现代,,,,,,
古籍::药性单方,古籍,药性单方,1.0,2,1.084,3e-05,,1220.0,金元,,,,,,
古籍::叶天士曹仁伯何元长医案,古籍,叶天士曹仁伯何元长医案,1.0,2,1.084,1e-05,,1821.0,清,,,,,,
古籍::一个传统中医的成长历程,古籍,一个传统中医的成长历程,1.0,2,1.059,1e-05,,2018.0,现代,,,,,,
古籍::医方一盘珠全集,古籍,医方一盘珠全集,1.0,2,1.084,1e-05,,1749.0,清,,,,,,
古籍::医脉摘要,古籍,医脉摘要,1.0,2,1.084,1e-05,,1700.0,清,,,,,,
古籍::医说,古籍,医说,1.0,2,1.017,2e-05,,1184.0,金元,,,,,,
古籍::医学传灯,古籍,医学传灯,1.0,2,1.017,1e-05,,1688.0,清,,,,,,
古籍::景岳全书发挥,古籍,景岳全书发挥,1.0,2,1.034,2e-05,,2015.0,现代,,,,,,
古籍::医学启源,古籍,医学启源,1.0,2,1.084,3e-05,,1186.0,金元,,,,,,
古籍::医学研悦,古籍,医学研悦,1.0,2,1.017,1e-05,,1626.0,明,,,,,,
古籍::难经本义（标点版）,古籍,难经本义（标点版）,1.0,2,1.084,2e-05,,1341.0,金元,,,,,,
古籍::饮食须知,古籍,饮食须知,1.0,2,1.084,1e-05,,1368.0,明,,,,,,
古籍::幼科推拿秘书,古籍,幼科推拿秘书,1.0,2,1.084,1e-05,,1691.0,清,,,,,,
古籍::寓意草,古籍,寓意草,1.0,2,1.084,1e-05,,1643.0,明,,,,,,
古籍::运气易览,古籍,运气易览,1.0,2,1.084,1e-05,,1526.0,明,,,,,,
古籍::证治准绳·伤寒,古籍,证治准绳·伤寒,1.0,2,1.084,1e-05,,1602.0,明,,,,,,
古籍::中国儿科医鉴,古籍,中国儿科医鉴,1.0,2,1.017,1e-05,,1995.0,现代,,,,,,
古籍::中国接骨图说,古籍,中国接骨图说,1.0,2,1.017,3e-05,,1807.0,清,,,,,,
古籍::重广补注黄帝内经素问,古籍,重广补注黄帝内经素问,1.0,2,1.084,3e-05,,762.0,隋唐五代,,,,,,
古籍::中西汇通医经精义,古籍,中西汇通医经精义,1.0,2,1.084,1e-05,,1892.0,清,,,,,,
外治材料::摩腰膏,外治材料,摩腰膏,13.0,13,2.461,6e-05,,,,,,,,,
外治材料::杉木节,外治材料,杉木节,6.0,6,1.265,1e-05,,,,,,,,,
外治材料::火针,外治材料,火针,8.0,8,0.954,1e-05,,,,,,,,,
外治材料::驱风壮筋活血膏,外治材料,驱风壮筋活血膏,8.0,8,0.983,0.0002,,,,,,,,,
外治材料::葱白,外治材料,葱白,5.0,5,0.123,4e-05,,,,,,,,,
外治材料::杜仲酒,外治材料,杜仲酒,9.0,9,1.509,2e-05,,,,,,,,,
外治材料::玲珑灶熨蒸,外治材料,玲珑灶熨蒸,6.0,6,0.257,1e-05,,,,,,,,,
外治材料::豹脂,外治材料,豹脂,6.0,6,0.221,0.00034,,,,,,,,,
外治材料::米醋,外治材料,米醋,6.0,6,0.221,7e-05,,,,,,,,,
外治材料::姜汁,外治材料,姜汁,8.0,8,0.462,0.00016,,,,,,,,,
外治材料::艾,外治材料,艾,7.0,7,0.741,0.00014,,,,,,,,,
外治材料::杜仲、牛膝等熏洗方,外治材料,杜仲、牛膝等熏洗方,6.0,8,2.507,0.00229,,,,,,,,,
外治材料::皂角,外治材料,皂角,7.0,7,0.148,2e-05,,,,,,,,,
外治材料::回阳玉龙膏,外治材料,回阳玉龙膏,4.0,8,4.338,0.00571,,,,,,,,,
外治材料::杜牛膝等熏洗方,外治材料,杜牛膝等熏洗方,6.0,6,0.507,0.00226,,,,,,,,,
外治材料::密陀僧,外治材料,密陀僧,3.0,6,3.051,0.00119,,,,,,,,,
外治材料::杜牛膝,外治材料,杜牛膝,5.0,5,0.422,0.0,,,,,,,,,
外治材料::牛骨末,外治材料,牛骨末,5.0,5,0.084,4e-05,,,,,,,,,
外治材料::定器末,外治材料,定器末,5.0,5,0.084,4e-05,,,,,,,,,
外治材料::皂荚,外治材料,皂荚,5.0,5,0.084,3e-05,,,,,,,,,
外治材料::葱熨法,外治材料,葱熨法,5.0,5,0.422,1e-05,,,,,,,,,
外治材料::杉木皮,外治材料,杉木皮,5.0,5,0.084,5e-05,,,,其他,,,,,
外治材料::鹿角尖,外治材料,鹿角尖,5.0,5,0.169,3e-05,,,,,,,,,
外治材料::马齿苋,外治材料,马齿苋,5.0,5,0.169,5e-05,,,,,,,,,
外治材料::发炭末,外治材料,发炭末,5.0,5,0.084,0.00021,,,,,,,,,
外治材料::损伤膏,外治材料,损伤膏,5.0,5,0.084,0.00021,,,,,,,,,
外治材料::香盐散,外治材料,香盐散,5.0,5,0.084,0.0,,,,,,,,,
外治材料::桃头、生艾、雄黄、麝香,外治材料,桃头、生艾、雄黄、麝香,5.0,5,0.422,1e-05,,,,,,,,,
外治材料::蜜和葱白,外治材料,蜜和葱白,4.0,4,0.068,0.0,,,,,,,,,
外治材料::生姜自然汁,外治材料,生姜自然汁,4.0,4,0.068,0.0,,,,,,,,,
外治材料::绵帛,外治材料,绵帛,4.0,4,0.068,0.0,,,,,,,,,
外治材料::隔蒜灸,外治材料,隔蒜灸,4.0,4,0.068,0.0,,,,,,,,,
外治材料::瓦,外治材料,瓦,4.0,4,0.068,0.0,,,,,,,,,
外治材料::铅丹,外治材料,铅丹,4.0,4,0.068,0.00226,,,,,,,,,
外治材料::规范名待查,外治材料,规范名待查,4.0,4,0.068,0.0,,,,,,,,,
外治材料::接骨膏,外治材料,接骨膏,4.0,4,0.068,0.0,,,,,,,,,
外治材料::糯米,外治材料,糯米,4.0,4,0.068,1e-05,,,,,,,,,
外治材料::三年雄鸡冠血,外治材料,三年雄鸡冠血,4.0,4,0.068,1e-05,,,,,,,,,
外治材料::青竹筒,外治材料,青竹筒,4.0,4,0.135,0.0,,,,,,,,,
外治材料::榆木灸火,外治材料,榆木灸火,4.0,4,0.338,6e-05,,,,,,,,,
外治材料::枣木火,外治材料,枣木火,4.0,4,0.338,6e-05,,,,,,,,,
外治材料::小鸡肉,外治材料,小鸡肉,3.0,3,0.051,0.0,,,,,,,,,
外治材料::敷药,外治材料,敷药,3.0,3,0.051,0.0,,,,,,,,,
外治材料::熨法,外治材料,熨法,3.0,3,0.051,0.0,,,,,,,,,
外治材料::绢包缚,外治材料,绢包缚,3.0,3,0.051,0.0,,,,,,,,,
外治材料::苎麻,外治材料,苎麻,3.0,3,0.051,0.0,,,,,,,,,
外治材料::大青竹筒,外治材料,大青竹筒,3.0,3,0.101,0.0,,,,,,,,,
外治材料::跌打追风膏,外治材料,跌打追风膏,3.0,3,0.051,1e-05,,,,,,,,,
方剂::六味地黄丸,方剂,六味地黄丸,58.0,64,15.204,0.0017,,,,其他,,《小儿药证直诀》（宋·钱乙）,滋阴补肾,,
方剂::金匮肾气丸,方剂,金匮肾气丸,52.0,64,20.036,0.00209,,,,,,,,,
方剂::金刚丸,方剂,金刚丸,32.0,36,9.667,0.00087,,,,,,《张氏医通》,补肾强筋,,
方剂::牛膝丸,方剂,牛膝丸,30.0,36,10.839,0.00037,,,,,,《圣济总录》（宋）,补肾强筋骨,,
方剂::清暑益气汤,方剂,清暑益气汤,25.0,40,19.677,0.00322,,,,,,《脾胃论》（金·李东垣）,清暑益气、养阴生津,,
方剂::滋肾丸,方剂,滋肾丸,21.0,24,7.846,0.00013,,,,,,《兰室秘藏》（金·李东垣）,滋肾清热,,
方剂::虎潜丸,方剂,虎潜丸,44.0,53,14.773,0.00135,,,,,,《丹溪心法》（元·朱震亨）,滋阴降火、强壮筋骨,,
方剂::封髓丹,方剂,封髓丹,18.0,21,7.437,0.00021,,,,,,《医宗金鉴》,降火坚肾,,
方剂::独活寄生汤,方剂,独活寄生汤,27.0,42,19.5,0.00072,,,,,,《备急千金要方》（唐·孙思邈）,祛风湿、补肝肾、益气血,,
方剂::茴香丸,方剂,茴香丸,18.0,18,3.744,7e-05,,,,,,,,,
方剂::奔豚丸,方剂,奔豚丸,14.0,14,2.891,0.00015,,,,,,,,,
方剂::知柏地黄丸,方剂,知柏地黄丸,17.0,20,6.025,0.00073,,,,其他,,,,,
方剂::煨肾丸,方剂,煨肾丸,19.0,19,3.09,0.00017,,,,,,,,,
方剂::补阴丸,方剂,补阴丸,16.0,16,3.358,0.00021,,,,,,,,,
方剂::四物汤,方剂,四物汤,27.0,27,3.298,0.00053,,,,,,,,,
方剂::四君子汤,方剂,四君子汤,24.0,24,3.34,0.00045,,,,,,,,,
方剂::二陈汤,方剂,二陈汤,17.0,17,2.673,0.00022,,,,其他,,,,,
方剂::鹿角丸,方剂,鹿角丸,9.0,9,1.281,0.00015,,,,,,,,,
方剂::虎骨散,方剂,虎骨散,14.0,14,2.638,0.0001,,,,其他,,,,,
方剂::六君子汤,方剂,六君子汤,16.0,16,2.042,0.00028,,,,,,,,,
方剂::加味四斤丸,方剂,加味四斤丸,10.0,10,2.197,6e-05,,,,其他,,,,,
方剂::虎骨酒,方剂,虎骨酒,12.0,12,1.171,9e-05,,,,其他,,,,,
方剂::黄芪建中汤,方剂,黄芪建中汤,17.0,17,2.649,0.00017,,,,,,,,,
方剂::当归没药丸,方剂,当归没药丸,6.0,6,0.206,3e-05,,,,其他,,,,,
方剂::虎骨四斤丸,方剂,虎骨四斤丸,10.0,10,2.077,6e-05,,,,,,,,,
方剂::补骨脂丸,方剂,补骨脂丸,12.0,12,2.3,4e-05,,,,,,,,,
方剂::大七气汤,方剂,大七气汤,10.0,10,1.881,2e-05,,,,,,,,,
方剂::小续命汤,方剂,小续命汤,15.0,15,2.17,0.00023,,,,其他,,,,,
方剂::独活汤,方剂,独活汤,10.0,10,1.949,9e-05,,,,,,,,,
方剂::生脉散,方剂,生脉散,12.0,12,2.074,0.00011,,,,其他,,,,,
方剂::附子汤,方剂,附子汤,14.0,14,0.791,0.00012,,,,,,,,,
方剂::酸枣仁散,方剂,酸枣仁散,8.0,8,0.646,2e-05,,,,,,,,,
方剂::五苓散,方剂,五苓散,13.0,13,2.06,9e-05,,,,,,,,,
方剂::五积散,方剂,五积散,16.0,16,1.05,0.00032,,,,,,,,,
方剂::安肾丸,方剂,安肾丸,15.0,15,1.797,0.00027,,,,,,,,,
方剂::萆薢丸,方剂,萆薢丸,8.0,8,1.639,2e-05,,,,,,,,,
方剂::温肾散,方剂,温肾散,10.0,10,1.329,5e-05,,,,,,,,,
方剂::滋阴降火汤,方剂,滋阴降火汤,10.0,10,1.329,5e-05,,,,,,,,,
方剂::木香槟榔散,方剂,木香槟榔散,9.0,9,1.741,6e-05,,,,其他,,,,,
方剂::地黄煎,方剂,地黄煎,14.0,14,1.812,0.0001,,,,其他,,,,,
方剂::清神甘露丸,方剂,清神甘露丸,9.0,9,1.649,4e-05,,,,其他,,,,,
方剂::奔豚汤,方剂,奔豚汤,9.0,9,1.505,2e-05,,,,其他,,,,,
方剂::补中益气汤,方剂,补中益气汤,14.0,14,1.693,0.00016,,,,其他,,,,,
方剂::鹿茸丸,方剂,鹿茸丸,6.0,6,1.216,0.0,,,,其他,,,,,
方剂::龙骨丸,方剂,龙骨丸,7.0,7,1.561,1e-05,,,,其他,,,,,
方剂::平胃散,方剂,平胃散,12.0,12,1.944,0.00018,,,,其他,,,,,
方剂::大补阴丸,方剂,大补阴丸,14.0,14,1.419,0.00019,,,,其他,,,,,
方剂::增味五痹汤,方剂,增味五痹汤,10.0,10,0.264,0.00021,,,,其他,,,,,
方剂::六味地黄汤,方剂,六味地黄汤,10.0,16,7.419,4e-05,,,,,,,,,
方剂::肾沥汤,方剂,肾沥汤,11.0,11,0.933,4e-05,,,,,,,,,
方剂::清燥汤,方剂,清燥汤,10.0,10,1.324,0.00016,,,,,,,,,
方剂::十全大补汤,方剂,十全大补汤,13.0,13,1.519,0.00018,,,,,,,,,
方剂::温肾丸,方剂,温肾丸,8.0,8,1.432,6e-05,,,,,,,,,
方剂::熟地黄丸,方剂,熟地黄丸,11.0,11,0.883,4e-05,,,,,,,,,
方剂::人参黄芪汤,方剂,人参黄芪汤,7.0,7,1.603,1e-05,,,,,,,,,
方剂::三黄汤,方剂,三黄汤,6.0,6,0.396,1e-05,,,,其他,,,,,
方剂::没药降圣丹,方剂,没药降圣丹,5.0,5,0.147,1e-05,,,,其他,,,,,
方剂::万灵丹,方剂,万灵丹,8.0,8,0.954,1e-05,,,,,,,,,
方剂::石斛丸,方剂,石斛丸,7.0,7,0.651,1e-05,,,,,,,,,
方剂::加味虎潜丸,方剂,加味虎潜丸,8.0,8,1.627,3e-05,,,,其他,,,,,
方剂::柴胡饮子,方剂,柴胡饮子,8.0,8,1.547,1e-05,,,,,,,,,
方剂::天门冬大煎,方剂,天门冬大煎,9.0,9,0.493,2e-05,,,,,,,,,
方剂::泽兰汤,方剂,泽兰汤,8.0,8,1.594,5e-05,,,,,,,,,
方剂::橘核丸,方剂,橘核丸,8.0,8,1.594,5e-05,,,,,,,,,
方剂::补肾汤丸,方剂,补肾汤丸,7.0,7,0.919,1e-05,,,,,,,,,
方剂::风髓丹,方剂,风髓丹,8.0,8,1.612,1e-05,,,,,,,,,
方剂::二妙散,方剂,二妙散,10.0,10,1.165,5e-05,,,,,,,,,
方剂::建中汤,方剂,建中汤,9.0,9,1.94,3e-05,,,,,,,,,
方剂::防风散,方剂,防风散,8.0,8,0.983,0.0002,,,,,,,,,
方剂::补肾丸,方剂,补肾丸,10.0,10,1.519,3e-05,,,,,,,,,
方剂::归脾汤,方剂,归脾汤,9.0,9,1.592,0.0002,,,,,,,,,
方剂::茸珠丸,方剂,茸珠丸,9.0,9,0.901,1e-05,,,,,,,,,
方剂::乌头汤,方剂,乌头汤,9.0,9,0.784,0.00058,,,,,,,,,
方剂::干地黄丸,方剂,干地黄丸,7.0,7,0.638,1e-05,,,,,,,,,
方剂::三痹汤,方剂,三痹汤,9.0,9,0.239,2e-05,,,,,,,,,
方剂::左归丸,方剂,左归丸,10.0,10,1.203,0.00017,,,,,,,,,
方剂::噙化丸,方剂,噙化丸,7.0,7,1.166,7e-05,,,,,,,,,
方剂::补骨脂汤,方剂,补骨脂汤,5.0,5,0.375,1e-05,,,,,,,,,
方剂::独活散,方剂,独活散,6.0,6,0.294,1e-05,,,,,,,,,
方剂::起痿丹,方剂,起痿丹,5.0,5,1.002,1e-05,,,,,,,,,
方剂::二陈汤加竹沥、姜汁,方剂,二陈汤加竹沥、姜汁,6.0,8,2.642,0.00084,,,,,,,,,
方剂::黄连解毒汤,方剂,黄连解毒汤,7.0,7,1.158,0.0,,,,,,,,,
方剂::独参汤,方剂,独参汤,6.0,6,1.16,3e-05,,,,,,,,,
方剂::减味清燥汤,方剂,减味清燥汤,6.0,6,1.081,4e-05,,,,,,,,,
方剂::调中益气汤,方剂,调中益气汤,7.0,7,1.565,3e-05,,,,,,,,,
方剂::羌活胜湿汤,方剂,羌活胜湿汤,7.0,7,1.298,5e-05,,,,,,,,,
方剂::芍药散,方剂,芍药散,5.0,5,0.246,0.0,,,,,,,,,
方剂::藿香养胃汤,方剂,藿香养胃汤,6.0,6,0.791,1e-05,,,,,,,,,
方剂::当归四逆汤,方剂,当归四逆汤,6.0,6,0.134,4e-05,,,,,,,,,
方剂::补益肾肝丸,方剂,补益肾肝丸,6.0,6,0.748,5e-05,,,,,,,,,
方剂::大建中汤,方剂,大建中汤,6.0,6,1.152,2e-05,,,,,,,,,
方剂::内补散,方剂,内补散,8.0,8,1.574,3e-05,,,,补虚药,,,,,
方剂::菟丝子丸,方剂,菟丝子丸,7.0,7,0.974,2e-05,,,,,,,,,
方剂::六君子汤加杜仲、续断,方剂,六君子汤加杜仲、续断,7.0,9,2.838,3e-05,,,,,,,,,
方剂::人参汤,方剂,人参汤,10.0,10,0.731,0.00016,,,,其他,,,,,
方剂::大黄虫丸,方剂,大黄虫丸,9.0,9,0.993,3e-05,,,,,,,,,
方剂::二妙丸,方剂,二妙丸,8.0,8,1.029,3e-05,,,,,,,,,
方剂::理中汤,方剂,理中汤,8.0,12,4.725,0.00038,,,,,,,,,
方剂::玉池散,方剂,玉池散,7.0,7,0.172,1e-05,,,,,,,,,
方剂::附子丸,方剂,附子丸,7.0,7,0.448,0.00227,,,,,,,,,
方剂::虎骨酒方,方剂,虎骨酒方,8.0,8,0.431,3e-05,,,,,,,,,
方剂::生姜人参大枣汤,方剂,生姜人参大枣汤,5.0,8,3.535,9e-05,,,,补虚药,,,,,
方剂::封髓丸,方剂,封髓丸,7.0,7,1.34,1e-05,,,,,,,,,
方剂::白虎汤,方剂,白虎汤,5.0,5,0.918,1e-05,,,,,,,,,
方剂::缓中牛膝丸,方剂,缓中牛膝丸,6.0,6,1.237,1e-05,,,,,,,,,
方剂::地骨皮散,方剂,地骨皮散,6.0,6,0.933,1e-05,,,,,,,,,
方剂::鹿角胶丸,方剂,鹿角胶丸,7.0,7,0.599,1e-05,,,,,,,,,
方剂::紫菀散,方剂,紫菀散,5.0,5,0.918,2e-05,,,,,,,,,
方剂::补肝丸,方剂,补肝丸,5.0,5,0.918,0.0,,,,,,,,,
方剂::滋阴地黄丸,方剂,滋阴地黄丸,5.0,5,0.918,2e-05,,,,,,,,,
方剂::滋阴大补丸加鹿茸,方剂,滋阴大补丸加鹿茸,6.0,8,3.106,0.00119,,,,,,,,,
方剂::当归龙荟丸,方剂,当归龙荟丸,5.0,5,0.802,8e-05,,,,,,,,,
方剂::磁石丸,方剂,磁石丸,7.0,7,0.616,1e-05,,,,,,,,,
方剂::生地黄煎,方剂,生地黄煎,5.0,5,0.308,0.0,,,,,,,,,
方剂::乌药顺气散,方剂,乌药顺气散,8.0,8,0.244,6e-05,,,,,,,,,
方剂::鹿茸天麻丸,方剂,鹿茸天麻丸,6.0,6,0.276,0.0,,,,,,,,,
方剂::附子独活汤,方剂,附子独活汤,5.0,5,0.169,0.0,,,,祛风湿药,,,,,
方剂::炙甘草汤,方剂,炙甘草汤,6.0,6,0.642,0.00227,,,,,,,,,
方剂::二妙散加味,方剂,二妙散加味,5.0,7,2.535,4e-05,,,,,,,,,
方剂::十全丹,方剂,十全丹,4.0,4,0.361,0.0,,,,,,,,,
方剂::干姜附子汤,方剂,干姜附子汤,7.0,7,0.838,2e-05,,,,,,,,,
方剂::小柴胡汤,方剂,小柴胡汤,7.0,7,0.838,2e-05,,,,,,,,,
方剂::大柴胡汤,方剂,大柴胡汤,7.0,7,0.838,2e-05,,,,,,,,,
方剂::姜附汤,方剂,姜附汤,6.0,6,0.642,1e-05,,,,温里药,,,,,
方剂::贲豚丸,方剂,贲豚丸,7.0,7,0.842,3e-05,,,,,,,,,
方剂::虎骨丸,方剂,虎骨丸,8.0,8,0.461,5e-05,,,,,,,,,
方剂::泻心汤,方剂,泻心汤,5.0,5,0.91,0.0,,,,,,,,,
方剂::凉膈散,方剂,凉膈散,5.0,5,0.91,0.0,,,,,,,,,
方剂::桂附地黄丸,方剂,桂附地黄丸,6.0,6,1.01,1e-05,,,,,,,,,
方剂::大黄汤,方剂,大黄汤,5.0,7,2.243,0.00286,,,,,,,,,
方剂::升麻汤,方剂,升麻汤,6.0,6,0.182,1e-05,,,,,,,,,
方剂::肾着汤,方剂,肾着汤,7.0,7,1.19,6e-05,,,,,,,,,
方剂::骨碎补丸,方剂,骨碎补丸,7.0,7,0.481,0.0,,,,,,,,,
方剂::二陈汤加白术、萆薢、白芥子、竹沥、姜汁,方剂,二陈汤加白术、萆薢、白芥子、竹沥、姜汁,6.0,11,5.507,0.00148,,,,,,,,,
方剂::鹿茸茴香丸,方剂,鹿茸茴香丸,6.0,6,0.62,4e-05,,,,,,,,,
方剂::五通散,方剂,五通散,5.0,5,0.107,4e-05,,,,祛风湿药,,,,,
方剂::不二丹,方剂,不二丹,5.0,5,0.107,4e-05,,,,,,,,,
方剂::都气丸,方剂,都气丸,6.0,6,0.705,0.0006,,,,补虚药,,,,,
方剂::生脉饮,方剂,生脉饮,6.0,6,0.211,0.00227,,,,,,,,,
方剂::搜风顺气丸,方剂,搜风顺气丸,7.0,7,0.545,2e-05,,,,,,,,,
方剂::百倍丸,方剂,百倍丸,6.0,6,0.597,2e-05,,,,,,,,,
方剂::养肾散,方剂,养肾散,6.0,6,0.597,2e-05,,,,补肾壮骨药,,,,,
方剂::三妙丸,方剂,三妙丸,7.0,7,0.361,3e-05,,,,,,,,,
方剂::附虎四斤丸,方剂,附虎四斤丸,6.0,6,0.25,1e-05,,,,,,,,,
方剂::五兽三匮丹,方剂,五兽三匮丹,7.0,7,0.545,1e-05,,,,,,,,,
方剂::天王补心丹,方剂,天王补心丹,6.0,6,0.599,2e-05,,,,,,,,,
方剂::桑螵蛸散,方剂,桑螵蛸散,6.0,6,0.599,2e-05,,,,,,,,,
方剂::规范名待查,方剂,规范名待查,5.0,5,0.508,0.0,,,,,,,,,
方剂::滋阴补髓汤,方剂,滋阴补髓汤,5.0,5,0.535,2e-05,,,,补虚药,,,,,
方剂::健步丸,方剂,健步丸,5.0,5,0.535,2e-05,,,,,,,,,
方剂::苍白二陈汤,方剂,苍白二陈汤,7.0,7,1.041,5e-05,,,,,,,,,
方剂::地黄散,方剂,地黄散,6.0,6,0.282,0.00059,,,,,,,,,
方剂::补肾散,方剂,补肾散,5.0,5,0.535,1e-05,,,,,,,,,
方剂::大补元煎,方剂,大补元煎,5.0,5,0.535,2e-05,,,,,,,,,
方剂::补血荣筋丸,方剂,补血荣筋丸,5.0,5,0.535,1e-05,,,,,,,,,
方剂::导痰汤,方剂,导痰汤,5.0,5,0.535,1e-05,,,,,,,,,
方剂::三因四斤丸,方剂,三因四斤丸,5.0,5,0.535,2e-05,,,,,,,,,
方剂::保元丹,方剂,保元丹,5.0,5,0.535,1e-05,,,,,,,,,
方剂::甘草生姜汤,方剂,甘草生姜汤,5.0,5,0.535,1e-05,,,,,,,,,
方剂::集灵膏,方剂,集灵膏,5.0,5,0.535,0.0,,,,,,,,,
方剂::固本丸,方剂,固本丸,5.0,5,0.535,0.0,,,,,,,,,
方剂::竹沥汤,方剂,竹沥汤,6.0,6,1.106,7e-05,,,,,,,,,
方剂::神效活络丹,方剂,神效活络丹,6.0,6,1.106,7e-05,,,,,,,,,
方剂::史国公酒,方剂,史国公酒,6.0,6,1.106,7e-05,,,,,,,,,
方剂::茯苓桂枝甘草大枣汤,方剂,茯苓桂枝甘草大枣汤,6.0,10,4.507,1e-05,,,,,,,,,
方剂::茯苓桂枝白术甘草汤,方剂,茯苓桂枝白术甘草汤,6.0,10,4.507,1e-05,,,,,,,,,
方剂::补肾汤,方剂,补肾汤,7.0,7,0.69,0.00021,,,,,,,,,
方剂::凤髄丹,方剂,凤髄丹,5.0,5,0.513,1e-05,,,,,,,,,
方剂::壮筋续骨丹,方剂,壮筋续骨丹,7.0,7,0.178,0.00029,,,,,,,,,
方剂::五痹汤,方剂,五痹汤,6.0,6,0.131,0.00017,,,,,,,,,
方剂::桂枝加桂汤,方剂,桂枝加桂汤,7.0,7,0.891,1e-05,,,,,,,,,
方剂::地黄煎丸,方剂,地黄煎丸,6.0,6,0.382,1e-05,,,,,,,,,
方剂::酒浸芍药散,方剂,酒浸芍药散,6.0,6,0.382,0.0006,,,,活血化瘀药,,,,,
方剂::百劳丸,方剂,百劳丸,6.0,6,0.695,2e-05,,,,,,,,,
方剂::四顺饮子,方剂,四顺饮子,5.0,5,0.872,1e-05,,,,,,,,,
方剂::清凉饮子,方剂,清凉饮子,5.0,5,0.872,1e-05,,,,,,,,,
方剂::桃核承气汤,方剂,桃核承气汤,5.0,5,0.872,1e-05,,,,,,,,,
方剂::木瓜汤,方剂,木瓜汤,5.0,5,0.479,0.0,,,,,,,,,
方剂::龟鹿二仙膏,方剂,龟鹿二仙膏,5.0,5,0.228,4e-05,,,,补虚药,,,,,
方剂::凤髓丹,方剂,凤髓丹,4.0,4,0.428,1e-05,,,,补虚药,,,,,
方剂::起废汤,方剂,起废汤,5.0,5,0.571,5e-05,,,,,,,,,
方剂::紫石丸,方剂,紫石丸,5.0,5,0.571,0.0,,,,,,,,,
方剂::石斛饮,方剂,石斛饮,5.0,5,0.872,0.0,,,,,,,,,
方剂::巴戟天丸,方剂,巴戟天丸,5.0,5,0.872,4e-05,,,,,,,,,
方剂::木香蛤蚧丸,方剂,木香蛤蚧丸,5.0,5,0.571,0.0,,,,,,,,,
方剂::二宜丸,方剂,二宜丸,5.0,5,0.61,0.0,,,,,,,,,
方剂::参附汤,方剂,参附汤,5.0,5,0.61,0.0,,,,,,,,,
方剂::振颓汤,方剂,振颓汤,4.0,4,0.428,0.0,,,,,,,,,
方剂::无比山药丸,方剂,无比山药丸,5.0,8,3.422,0.00572,,,,,,,,,
方剂::甘姜苓术汤,方剂,甘姜苓术汤,5.0,5,0.174,0.0,,,,,,,,,
方剂::虎牙丸,方剂,虎牙丸,5.0,5,0.872,1e-05,,,,,,,,,
方剂::大黄牡丹汤加味,方剂,大黄牡丹汤加味,5.0,8,3.084,0.00063,,,,,,,,,
方剂::五积丸,方剂,五积丸,5.0,5,0.49,0.0,,,,,,,,,
方剂::白术煎,方剂,白术煎,5.0,5,0.571,6e-05,,,,,,,,,
方剂::柴胡桂枝汤,方剂,柴胡桂枝汤,5.0,5,0.872,8e-05,,,,,,,,,
方剂::行湿流气散,方剂,行湿流气散,5.0,5,0.114,0.00017,,,,,,,,,
方剂::六君子汤加杜仲续断,方剂,六君子汤加杜仲续断,6.0,8,2.507,3e-05,,,,,,,,,
方剂::四味健步汤,方剂,四味健步汤,5.0,5,0.261,0.00051,,,,,,,,,
方剂::保命金刚丸,方剂,保命金刚丸,7.0,7,0.63,1e-05,,,,,,,,,
方剂::充髓丹,方剂,充髓丹,4.0,4,0.428,0.0,,,,,,,,,
方剂::生地黄散,方剂,生地黄散,4.0,4,0.128,0.0,,,,,,,,,
方剂::人参饮,方剂,人参饮,5.0,5,0.228,0.0,,,,,,,,,
方剂::审平汤,方剂,审平汤,4.0,4,0.428,0.0,,,,,,,,,
方剂::龙骨圆,方剂,龙骨圆,4.0,4,0.428,0.0,,,,,,,,,
方剂::木香三棱丸,方剂,木香三棱丸,6.0,8,2.507,0.00291,,,,,,,,,
方剂::清骨散,方剂,清骨散,5.0,5,0.485,0.00015,,,,清热药,,,,,
方剂::瓜蒌薤白白酒汤,方剂,瓜蒌薤白白酒汤,5.0,8,3.084,0.00533,,,,,,,,,
方剂::甘麦大枣汤加龙骨、牡蛎、磁石,方剂,甘麦大枣汤加龙骨、牡蛎、磁石,4.0,8,4.338,0.0008,,,,,,,,,
方剂::十金丹,方剂,十金丹,5.0,5,0.523,1e-05,,,,,,,,,
方剂::八味顺气散,方剂,八味顺气散,5.0,5,0.571,0.0,,,,,,,,,
方剂::调气散,方剂,调气散,5.0,5,0.571,0.0,,,,,,,,,
方剂::四七汤,方剂,四七汤,5.0,5,0.571,0.0,,,,,,,,,
方剂::葛花解酲汤,方剂,葛花解酲汤,5.0,5,0.571,0.0,,,,,,,,,
方剂::肾气丸,方剂,肾气丸,0.0,8,8.0,0.0,,,,,,《金匮要略》（汉·张仲景）,温补肾阳,,
方剂::八味丸,方剂,八味丸,0.0,8,8.0,0.0,,,,,,《金匮要略》加减,温补肾阳、化气行水,,
方剂::补中益气汤加芍药、黄柏,方剂,补中益气汤加芍药、黄柏,5.0,7,2.422,0.0,,,,活血化瘀药,,,,,
方剂::万病紫菀丸,方剂,万病紫菀丸,5.0,5,0.521,3e-05,,,,其他,,,,,
方剂::散聚汤,方剂,散聚汤,4.0,4,0.406,0.0,,,,,,,,,
方剂::七气汤,方剂,七气汤,4.0,4,0.406,0.0,,,,理气药,,,,,
方剂::木香梹榔散,方剂,木香梹榔散,5.0,7,2.422,0.00291,,,,,,,,,
方剂::大承气汤,方剂,大承气汤,6.0,6,0.556,0.00019,,,,,,,,,
方剂::芍药汤,方剂,芍药汤,5.0,5,0.289,0.0,,,,,,,,,
方剂::木瓜丸,方剂,木瓜丸,4.0,4,0.162,0.0,,,,,,,,,
方剂::猪膏酒,方剂,猪膏酒,4.0,7,3.068,0.00347,,,,,,,,,
方剂::斑龙丸,方剂,斑龙丸,6.0,6,0.556,0.00027,,,,,,,,,
方剂::黑须育子青娥丸,方剂,黑须育子青娥丸,4.0,7,3.338,5e-05,,,,,,,,,
方剂::二陈汤加葛根、青皮,方剂,二陈汤加葛根、青皮,5.0,7,2.422,0.00065,,,,,,,,,
方剂::补肝肾,方剂,补肝肾,2.0,2,0.519,0.0,,,,,,,,,
方剂::猪肤汤,方剂,猪肤汤,6.0,6,0.507,0.00233,,,,,,,,,
方剂::猪肾汤,方剂,猪肾汤,6.0,6,0.507,0.00067,,,,,,,,,
方剂::养真丹,方剂,养真丹,4.0,4,0.233,1e-05,,,,,,,,,
方剂::牛膝酒,方剂,牛膝酒,4.0,6,2.068,0.00226,,,,,,,,,
方剂::人参白术当归地黄汤加味,方剂,人参白术当归地黄汤加味,6.0,6,0.507,0.0006,,,,,,,,,
方剂::益元散,方剂,益元散,6.0,6,0.101,0.00062,,,,,,,,,
方剂::羚羊角散,方剂,羚羊角散,4.0,4,0.127,1e-05,,,,,,,,,
方剂::犀角散,方剂,犀角散,6.0,6,0.507,0.00226,,,,,,,,,
方剂::防己黄芪汤,方剂,防己黄芪汤,4.0,6,2.135,0.00287,,,,,,,,,
方剂::真武汤,方剂,真武汤,6.0,6,0.507,1e-05,,,,,,,,,
方剂::周氏新加六味汤,方剂,周氏新加六味汤,4.0,6,2.338,0.0046,,,,,,,,,
方剂::参苏饮,方剂,参苏饮,5.0,5,0.084,0.0006,,,,,,,,,
方剂::托里散,方剂,托里散,5.0,5,0.084,2e-05,,,,,,,,,
方剂::班龙丸,方剂,班龙丸,5.0,5,0.422,0.0006,,,,,,,,,
方剂::四逆汤,方剂,四逆汤,5.0,5,0.422,0.0007,,,,,,,,,
方剂::参归汤,方剂,参归汤,5.0,5,0.422,0.00059,,,,,,,,,
方剂::新法半夏汤,方剂,新法半夏汤,5.0,5,0.084,0.00059,,,,,,,,,
方剂::四斤丸,方剂,四斤丸,5.0,5,0.422,0.00226,,,,,,,,,
方剂::机要牛膝丸,方剂,机要牛膝丸,5.0,5,0.422,0.00229,,,,,,,,,
方剂::无比山药九,方剂,无比山药九,5.0,5,0.422,0.00226,,,,,,,,,
方剂::大安丸加参,方剂,大安丸加参,5.0,5,0.422,0.0006,,,,,,,,,
方剂::参苓白朮散,方剂,参苓白朮散,5.0,5,0.422,0.00059,,,,,,,,,
方剂::牛膝丸加味四斤丸,方剂,牛膝丸加味四斤丸,5.0,5,0.422,2e-05,,,,,,,,,
方剂::三味安肾丸,方剂,三味安肾丸,5.0,5,0.084,1e-05,,,,,,,,,
方剂::圣神散,方剂,圣神散,5.0,5,0.084,5e-05,,,,其他,,,,,
方剂::活血住痛散,方剂,活血住痛散,5.0,5,0.084,5e-05,,,,其他,,,,,
方剂::甘露饮加减,方剂,甘露饮加减,5.0,5,0.422,0.0006,,,,,,,,,
方剂::增损五痹汤,方剂,增损五痹汤,5.0,5,0.084,0.0,,,,祛风湿药,,,,,
方剂::和脾通络散,方剂,和脾通络散,5.0,5,0.338,0.00061,,,,,,,,,
方剂::玉环丹,方剂,玉环丹,5.0,5,0.422,0.00059,,,,,,,,,
方剂::干枣汤方,方剂,干枣汤方,5.0,5,0.169,0.00226,,,,,,,,,
方剂::增损小续命汤,方剂,增损小续命汤,5.0,5,0.084,1e-05,,,,祛风湿药,,,,,
方剂::地黄煎方,方剂,地黄煎方,5.0,5,0.169,1e-05,,,,补虚药,,,,,
方剂::通解丸,方剂,通解丸,5.0,5,0.422,0.0,,,,,,,,,
方剂::当归饮子,方剂,当归饮子,5.0,5,0.422,0.0,,,,其他,,,,,
方剂::猪肚丸,方剂,猪肚丸,5.0,5,0.422,0.00071,,,,,,,,,
方剂::升降散,方剂,升降散,5.0,5,0.169,5e-05,,,,,,,,,
方剂::止血丹,方剂,止血丹,5.0,5,0.084,0.00021,,,,活血化瘀药,,,,,
方剂::吉利散,方剂,吉利散,5.0,5,0.084,0.00021,,,,,,,,,
方剂::薤汁散,方剂,薤汁散,5.0,5,0.084,0.00059,,,,,,,,,
方剂::瓜蒂散,方剂,瓜蒂散,5.0,5,0.422,0.00061,,,,,,,,,
方剂::琼玉膏,方剂,琼玉膏,5.0,5,0.422,0.0006,,,,,,,,,
方剂::茯苓汤,方剂,茯苓汤,5.0,5,0.084,0.0006,,,,,,,,,
方剂::消风散,方剂,消风散,5.0,5,0.084,0.0,,,,,,,,,
方剂::绿袍散,方剂,绿袍散,5.0,5,0.084,0.0,,,,,,,,,
方剂::桂枝汤加黄芪,方剂,桂枝汤加黄芪,5.0,5,0.169,0.00228,,,,,,,,,
方剂::郁金散,方剂,郁金散,5.0,5,0.169,0.0,,,,,,,,,
方剂::导水丸,方剂,导水丸,5.0,5,0.169,0.0,,,,,,,,,
方剂::四物二汤,方剂,四物二汤,5.0,5,0.422,0.0006,,,,,,,,,
方剂::参归养荣汤,方剂,参归养荣汤,5.0,5,0.422,0.00061,,,,,,,,,
方剂::麻黄汤,方剂,麻黄汤,5.0,5,0.422,2e-05,,,,,,,,,
方剂::增损五积丸,方剂,增损五积丸,5.0,5,0.422,1e-05,,,,温里药,,,,,
方剂::黄建中汤,方剂,黄建中汤,5.0,5,0.422,1e-05,,,,,,,,,
方剂::八风十二痹散,方剂,八风十二痹散,5.0,5,0.084,2e-05,,,,,,,,,
方剂::加味四筋丸,方剂,加味四筋丸,5.0,5,0.422,0.00061,,,,,,,,,
方剂::右归饮,方剂,右归饮,5.0,5,0.169,0.00061,,,,,,,,,
方剂::橘皮汤,方剂,橘皮汤,4.0,4,0.068,1e-05,,,,,,,,,
方剂::调脾汤,方剂,调脾汤,4.0,4,0.338,6e-05,,,,,,,,,
方剂::蒸膝汤,方剂,蒸膝汤,4.0,4,0.338,6e-05,,,,,,,,,
方剂::九味羌活汤,方剂,九味羌活汤,4.0,4,0.338,0.0,,,,,,,,,
方剂::调胃承气汤,方剂,调胃承气汤,4.0,4,0.338,0.0,,,,,,,,,
方剂::人参地骨皮散,方剂,人参地骨皮散,4.0,4,0.338,0.0,,,,,,,,,
方剂::青蒿汤,方剂,青蒿汤,4.0,4,0.338,0.0,,,,,,,,,
方剂::安肾元,方剂,安肾元,4.0,4,0.338,0.0,,,,,,,,,
方剂::温中化痰丸,方剂,温中化痰丸,4.0,4,0.068,0.0,,,,,,,,,
方剂::温胃化痰丸,方剂,温胃化痰丸,4.0,4,0.068,0.0,,,,,,,,,
方剂::气不足骨痿方,方剂,气不足骨痿方,4.0,4,0.338,0.0,,,,,,,,,
方剂::当归酒,方剂,当归酒,4.0,4,0.338,2e-05,,,,其他,,,,,
方剂::薯蓣丸,方剂,薯蓣丸,4.0,4,0.338,0.0,,,,,,,,,
方剂::神仙换骨丹,方剂,神仙换骨丹,4.0,4,0.338,1e-05,,,,,,,,,
方剂::二八济阳丹,方剂,二八济阳丹,4.0,4,0.338,1e-05,,,,,,,,,
方剂::金钢丸,方剂,金钢丸,4.0,4,0.338,0.0,,,,,,,,,
方剂::五积散加减,方剂,五积散加减,4.0,4,0.068,2e-05,,,,,,,,,
方剂::小百劳散,方剂,小百劳散,4.0,4,0.338,1e-05,,,,,,,,,
方剂::肉苁蓉丸,方剂,肉苁蓉丸,4.0,4,0.338,0.0,,,,,,,,,
方剂::石钟乳丸,方剂,石钟乳丸,4.0,4,0.338,0.0,,,,,,,,,
方剂::石斛饮方,方剂,石斛饮方,4.0,4,0.338,0.0,,,,,,,,,
方剂::滋肾汤,方剂,滋肾汤,4.0,4,0.068,1e-05,,,,,,,,,
方剂::益黄散,方剂,益黄散,4.0,4,0.068,1e-05,,,,,,,,,
方剂::补肾地黄丸,方剂,补肾地黄丸,4.0,4,0.338,0.0,,,,,,,,,
方剂::百祥丸,方剂,百祥丸,4.0,4,0.338,0.0,,,,,,,,,
方剂::牛李膏,方剂,牛李膏,4.0,4,0.338,0.0,,,,,,,,,
方剂::滋阴丸,方剂,滋阴丸,4.0,4,0.338,0.0,,,,,,,,,
方剂::桂枝独活汤,方剂,桂枝独活汤,4.0,4,0.068,0.0,,,,,,,,,
方剂::补骨脂丸方,方剂,补骨脂丸方,4.0,4,0.338,0.0,,,,,,,,,
方剂::元参甘草汤,方剂,元参甘草汤,4.0,4,0.338,3e-05,,,,,,,,,
方剂::壮水益元汤,方剂,壮水益元汤,4.0,4,0.338,3e-05,,,,补虚药,,,,,
方剂::补元益阴汤,方剂,补元益阴汤,4.0,4,0.338,3e-05,,,,补虚药,,,,,
方剂::补水益元汤,方剂,补水益元汤,4.0,4,0.338,3e-05,,,,补虚药,,,,,
方剂::附子理中汤,方剂,附子理中汤,4.0,4,0.068,0.0,,,,,,,,,
方剂::清热地黄汤,方剂,清热地黄汤,4.0,4,0.338,0.0,,,,,,,,,
方剂::蜡矾丸,方剂,蜡矾丸,4.0,4,0.338,4e-05,,,,,,,,,
方剂::鹿茸散,方剂,鹿茸散,4.0,4,0.338,0.0,,,,,,,,,
方剂::大造丸,方剂,大造丸,4.0,4,0.338,1e-05,,,,,,,,,
方剂::酸枣仁,方剂,酸枣仁,1.0,1,0.397,0.0,C5,,,,,,,,
方剂::十味固本丸,方剂,十味固本丸,4.0,4,0.338,3e-05,,,,,,,,,
方剂::保阴方,方剂,保阴方,4.0,4,0.338,1e-05,,,,,,,,,
方剂::秘传神效散,方剂,秘传神效散,4.0,4,0.068,0.0,,,,,,,,,
方剂::正骨丹,方剂,正骨丹,4.0,4,0.068,0.0,,,,活血化瘀药,,,,,
方剂::止痛接骨丹,方剂,止痛接骨丹,4.0,4,0.068,0.0,,,,,,,,,
方剂::黑锡丹,方剂,黑锡丹,4.0,4,0.338,2e-05,,,,,,,,,
方剂::复脉汤,方剂,复脉汤,4.0,4,0.338,0.0,,,,补虚药,,,,,
方剂::大阿魏丸,方剂,大阿魏丸,4.0,4,0.338,0.0,,,,,,,,,
方剂::香棱丸,方剂,香棱丸,4.0,4,0.338,0.0,,,,,,,,,
方剂::人参养荣汤,方剂,人参养荣汤,4.0,4,0.338,0.0,,,,,,,,,
方剂::白术膏,方剂,白术膏,4.0,4,0.338,2e-05,,,,,,,,,
方剂::苏子山楂等煎方,方剂,苏子山楂等煎方,4.0,4,0.338,2e-05,,,,,,,,,
方剂::地黄膏子丸,方剂,地黄膏子丸,4.0,4,0.338,0.0,,,,补虚药,,,,,
方剂::二贤散,方剂,二贤散,4.0,4,0.338,1e-05,,,,,,,,,
方剂::滋阴壮髓丹,方剂,滋阴壮髓丹,4.0,4,0.338,2e-05,,,,,,,,,
方剂::大川芎丸,方剂,大川芎丸,4.0,4,0.338,4e-05,,,,,,,,,
方剂::桂枝芍药知母汤,方剂,桂枝芍药知母汤,4.0,4,0.338,2e-05,,,,,,,,,
方剂::甘草泻心汤,方剂,甘草泻心汤,4.0,4,0.068,0.00017,,,,,,,,,
方剂::活络效灵丹,方剂,活络效灵丹,4.0,4,0.338,1e-05,,,,活血化瘀药,,,,,
方剂::七宝美髯丹,方剂,七宝美髯丹,4.0,4,0.068,1e-05,,,,,,,,,
方剂::养心丸,方剂,养心丸,4.0,4,0.338,3e-05,,,,,,,,,
方剂::归脾丸,方剂,归脾丸,4.0,4,0.338,3e-05,,,,,,,,,
方剂::姜桂丸,方剂,姜桂丸,4.0,4,0.068,1e-05,,,,,,,,,
方剂::胡椒理中丸,方剂,胡椒理中丸,4.0,4,0.068,1e-05,,,,,,,,,
方剂::黄连丸,方剂,黄连丸,4.0,4,0.135,2e-05,,,,,,,,,
方剂::木香丸,方剂,木香丸,4.0,4,0.135,2e-05,,,,,,,,,
方剂::如圣丸,方剂,如圣丸,4.0,4,0.135,2e-05,,,,,,,,,
方剂::白朮散,方剂,白朮散,4.0,4,0.135,2e-05,,,,,,,,,
方剂::疏肝流气饮,方剂,疏肝流气饮,4.0,4,0.27,1e-05,,,,,,,,,
方剂::温脾饮,方剂,温脾饮,4.0,4,0.27,1e-05,,,,,,,,,
方剂::二陈竹茹汤,方剂,二陈竹茹汤,4.0,4,0.27,1e-05,,,,,,,,,
方剂::地黄汤合二至丸,方剂,地黄汤合二至丸,4.0,4,0.27,1e-05,,,,补虚药,,,,,
方剂::补元煎,方剂,补元煎,4.0,4,0.27,1e-05,,,,补虚药,,,,,
方剂::归肾丸,方剂,归肾丸,4.0,4,0.27,1e-05,,,,,,,,,
方剂::赞化血余丹,方剂,赞化血余丹,4.0,4,0.27,1e-05,,,,,,,,,
方剂::龙胆泻肝汤,方剂,龙胆泻肝汤,4.0,4,0.338,3e-05,,,,,,,,,
方剂::益胃汤,方剂,益胃汤,4.0,4,0.338,3e-05,,,,,,,,,
方剂::补气固本丸,方剂,补气固本丸,4.0,4,0.338,1e-05,,,,,,,,,
方剂::干汤,方剂,干汤,4.0,4,0.068,0.0,,,,,,,,,
方剂::元参汤,方剂,元参汤,4.0,4,0.135,0.0,,,,,,,,,
方剂::软坚汤,方剂,软坚汤,4.0,4,0.338,4e-05,,,,,,,,,
方剂::鲁公酒,方剂,鲁公酒,4.0,4,0.068,1e-05,,,,,,,,,
方剂::大防风汤,方剂,大防风汤,4.0,4,0.068,4e-05,,,,,,,,,
方剂::泻肾汤,方剂,泻肾汤,4.0,4,0.237,7e-05,,,,,,,,,
方剂::苁蓉散,方剂,苁蓉散,4.0,4,0.237,7e-05,,,,,,,,,
方剂::疗骨虚劳冷骨节疼痛无力方,方剂,疗骨虚劳冷骨节疼痛无力方,4.0,4,0.135,1e-05,,,,,,,,,
方剂::鹿角散,方剂,鹿角散,4.0,4,0.135,0.0,,,,,,,,,
方剂::青娥丸,方剂,青娥丸,4.0,4,0.237,0.0,,,,,,,,,
方剂::泽泻散,方剂,泽泻散,4.0,4,0.338,0.0,,,,,,,,,
方剂::鹿角胶丸方,方剂,鹿角胶丸方,4.0,4,0.237,1e-05,,,,,,,,,
方剂::虎胫骨酒,方剂,虎胫骨酒,4.0,4,0.135,1e-05,,,,,,,,,
方剂::三才汤,方剂,三才汤,4.0,4,0.338,1e-05,,,,,,,,,
方剂::保元汤,方剂,保元汤,4.0,4,0.338,1e-05,,,,补虚药,,,,,
方剂::三才封髓丹,方剂,三才封髓丹,4.0,4,0.338,4e-05,,,,,,,,,
方剂::肾四味,方剂,肾四味,4.0,4,0.068,7e-05,,,,,,,,,
方剂::培元固本散,方剂,培元固本散,4.0,4,0.068,7e-05,,,,补虚药,,,,,
方剂::葛根汤,方剂,葛根汤,4.0,4,0.068,7e-05,,,,,,,,,
方剂::丹参饮,方剂,丹参饮,4.0,4,0.068,7e-05,,,,,,,,,
方剂::补阳还五汤,方剂,补阳还五汤,4.0,4,0.068,7e-05,,,,,,,,,
方剂::益精金刚丸,方剂,益精金刚丸,4.0,4,0.338,1e-05,,,,,,,,,
方剂::补肾熟干地黄丸方,方剂,补肾熟干地黄丸方,4.0,4,0.068,0.0,,,,,,,,,
方剂::玄参汤,方剂,玄参汤,4.0,4,0.135,1e-05,,,,,,,,,
方剂::五蒸丸,方剂,五蒸丸,4.0,4,0.237,1e-05,,,,,,,,,
方剂::越婢汤,方剂,越婢汤,4.0,4,0.068,0.0,,,,,,,,,
方剂::单丸,方剂,单丸,4.0,4,0.068,0.0,,,,,,,,,
方剂::石斛丸方,方剂,石斛丸方,4.0,4,0.135,1e-05,,,,,,,,,
方剂::桃红四物汤,方剂,桃红四物汤,4.0,4,0.068,4e-05,,,,,,,,,
方剂::罗氏清神甘露丸,方剂,罗氏清神甘露丸,4.0,4,0.338,2e-05,,,,,,,,,
方剂::当归没药散,方剂,当归没药散,4.0,4,0.068,0.0,,,,其他,,,,,
方剂::薤汁饮,方剂,薤汁饮,4.0,4,0.068,0.0,,,,,,,,,
方剂::当归芍药汤,方剂,当归芍药汤,4.0,4,0.338,1e-05,,,,其他,,,,,
方剂::甘麦大枣汤,方剂,甘麦大枣汤,1.0,4,3.084,0.00226,,,,,,,,,
方剂::承气汤,方剂,承气汤,4.0,4,0.338,2e-05,,,,其他,,,,,
方剂::紫菀丸,方剂,紫菀丸,4.0,4,0.338,1e-05,,,,,,,,,
方剂::地黄汤,方剂,地黄汤,4.0,4,0.338,1e-05,,,,补虚药,,,,,
方剂::玉女煎,方剂,玉女煎,4.0,4,0.338,1e-05,,,,,,,,,
方剂::五痿汤,方剂,五痿汤,4.0,4,0.338,0.0,,,,,,,,,
方剂::五茄皮酒,方剂,五茄皮酒,4.0,4,0.338,0.0,,,,,,,,,
方剂::舒筋健步丸,方剂,舒筋健步丸,4.0,4,0.338,0.0,,,,,,,,,
方剂::怕猪肚丸,方剂,怕猪肚丸,4.0,4,0.338,3e-05,,,,其他,,,,,
方剂::青蛾丸,方剂,青蛾丸,4.0,4,0.338,1e-05,,,,,,,,,
方剂::天麻丸,方剂,天麻丸,4.0,4,0.068,0.0,,,,祛风湿药,,,,,
方剂::蠲痹汤,方剂,蠲痹汤,4.0,4,0.068,0.0,,,,,,,,,
方剂::防风汤,方剂,防风汤,4.0,4,0.068,0.0,,,,,,,,,
方剂::川芎茯苓汤,方剂,川芎茯苓汤,4.0,4,0.068,0.0,,,,,,,,,
方剂::五物汤,方剂,五物汤,4.0,4,0.068,0.0,,,,,,,,,
方剂::羚羊角汤,方剂,羚羊角汤,4.0,4,0.068,0.0,,,,,,,,,
方剂::九味地黄丸,方剂,九味地黄丸,4.0,4,0.338,4e-05,,,,,,,,,
方剂::黄芪桂枝五物汤,方剂,黄芪桂枝五物汤,4.0,4,0.135,1e-05,,,,,,,,,
方剂::大麻汤,方剂,大麻汤,4.0,4,0.338,1e-05,,,,,,,,,
方剂::真方夺命丹,方剂,真方夺命丹,4.0,4,0.338,1e-05,,,,,,,,,
方剂::大消风散,方剂,大消风散,4.0,4,0.338,1e-05,,,,,,,,,
方剂::清燥,方剂,清燥,4.0,4,0.338,0.0,,,,,,,,,
方剂::桂枝加黄芪汤,方剂,桂枝加黄芪汤,4.0,4,0.338,2e-05,,,,,,,,,
方剂::大黄廑虫汤,方剂,大黄廑虫汤,4.0,4,0.338,2e-05,,,,,,,,,
方剂::大黄廑虫丸,方剂,大黄廑虫丸,4.0,4,0.338,2e-05,,,,,,,,,
方剂::神效追风丸,方剂,神效追风丸,4.0,4,0.338,0.0,,,,,,,,,
方剂::秘传起痿丹,方剂,秘传起痿丹,4.0,4,0.338,0.0,,,,,,,,,
方剂::五味异功散,方剂,五味异功散,4.0,4,0.338,0.0,,,,,,,,,
方剂::大芦荟丸,方剂,大芦荟丸,4.0,4,0.338,0.0,,,,,,,,,
方剂::养荣汤,方剂,养荣汤,4.0,4,0.338,2e-05,,,,,,,,,
方剂::益肾蠲痹丸,方剂,益肾蠲痹丸,4.0,4,0.068,3e-05,,,,,,,,,
方剂::全珍金刚丸,方剂,全珍金刚丸,4.0,4,0.338,2e-05,,,,,,,,,
方剂::三承气汤,方剂,三承气汤,4.0,4,0.338,2e-05,,,,,,,,,
方剂::控涎丹,方剂,控涎丹,4.0,4,0.338,2e-05,,,,,,,,,
方剂::十枣汤,方剂,十枣汤,4.0,4,0.338,2e-05,,,,,,,,,
方剂::五皮饮,方剂,五皮饮,4.0,4,0.338,2e-05,,,,,,,,,
方剂::菖蒲酒,方剂,菖蒲酒,3.0,3,0.253,0.0,,,,,,,,,
方剂::保阴六味,方剂,保阴六味,3.0,3,0.253,0.0,,,,,,,,,
方剂::方中健脾渗湿,方剂,方中健脾渗湿,1.0,1,0.262,0.0,,,,,,,,,
"方剂::滋肾润燥，苦能坚肾，明确记载""故亦治骨痿""",方剂,"滋肾润燥，苦能坚肾，明确记载""故亦治骨痿""",1.0,1,0.261,0.0,,,,,,,,,
方剂::补肺化痰清热药,方剂,补肺化痰清热药,1.0,1,0.261,0.0,,,,,,,,,
方剂::二黄汤,方剂,二黄汤,3.0,3,0.051,0.0,,,,,,,,,
方剂::加减后的八仙长寿丸变方,方剂,加减后的八仙长寿丸变方,1.0,1,0.194,0.0,,,,,,,,,
方剂::天雄散,方剂,天雄散,3.0,3,0.253,2e-05,,,,,,,,,
方剂::经典复方,方剂,经典复方,3.0,3,0.118,1e-05,,,,,,,,,
方剂::痞气丸,方剂,痞气丸,3.0,3,0.253,1e-05,,,,,,,,,
方剂::半玄参汤,方剂,半玄参汤,3.0,3,0.101,0.0,,,,,,,,,
方剂::生干地黄散,方剂,生干地黄散,3.0,3,0.101,0.0,,,,,,,,,
方剂::续断丸,方剂,续断丸,3.0,3,0.253,0.0,,,,,,,,,
方剂::酒浸牛膝丸,方剂,酒浸牛膝丸,3.0,3,0.253,0.0,,,,,,,,,
方剂::小安肾丸,方剂,小安肾丸,3.0,3,0.253,0.0,,,,,,,,,
方剂::石刻安肾丸,方剂,石刻安肾丸,3.0,3,0.253,0.0,,,,,,,,,
方剂::随风寒湿及痹部位加减,方剂,随风寒湿及痹部位加减,1.0,1,0.034,0.0,,,,,,,,,
方剂::虎潜加减丸,方剂,虎潜加减丸,3.0,3,0.253,2e-05,,,,,,,,,
方剂::阴八味,方剂,阴八味,3.0,3,0.253,0.0,,,,,,,,,
方剂::续断丹,方剂,续断丹,3.0,3,0.051,0.0,,,,,,,,,
方剂::秦艽四物汤,方剂,秦艽四物汤,3.0,3,0.051,0.0,,,,,,,,,
方剂::秦艽地黄汤,方剂,秦艽地黄汤,3.0,3,0.051,0.0,,,,,,,,,
方剂::续筋接骨，入方配伍,方剂,续筋接骨，入方配伍,1.0,1,0.047,0.0,,,,,,,,,
方剂::五味子,方剂,五味子,1.0,1,0.134,0.0,C4,,,,,,,,
方剂::方解中加用，引精质之品归于骨空,方剂,方解中加用，引精质之品归于骨空,1.0,1,0.164,0.0,,,,,,,,,
方剂::晨服以益气养阴,方剂,晨服以益气养阴,1.0,1,0.04,0.0,,,,,,,,,
方剂::文中作为误将痹证作脚气治而使用之药,方剂,文中作为误将痹证作脚气治而使用之药,1.0,1,0.141,0.0,,,,,,,,,
方剂::滋阴大补丸,方剂,滋阴大补丸,1.0,1,0.234,0.0,,,,,,,,,
方剂::方中配伍药物,方剂,方中配伍药物,1.0,1,0.234,0.0,,,,,,,,,
方剂::出《千金方》，用于治骨虚髓冷痛无力,方剂,出《千金方》，用于治骨虚髓冷痛无力,1.0,1,0.054,0.0,,,,,,,,,
方剂::芍药,方剂,芍药,1.0,1,0.094,0.0,,,,,,,,,
方剂::补虚复脉,方剂,补虚复脉,1.0,1,0.107,0.0,,,,,,,,,
方剂::用于寒痰伤肺之咳嗽,方剂,用于寒痰伤肺之咳嗽,1.0,1,0.017,0.0,,,,,,,,,
方剂::用于冷痰所致骨痹痿疾，随证加入,方剂,用于冷痰所致骨痹痿疾，随证加入,1.0,1,0.017,0.0,,,,,,,,,
方剂::补肾益精,方剂,补肾益精,1.0,1,0.084,0.0,,,,,,,,,
方剂::扶元阳，用于治疗腰痛,方剂,扶元阳，用于治疗腰痛,1.0,1,0.084,0.0,,,,,,,,,
方剂::治虚证腰痛，加芪术杜仲续断牛膝,方剂,治虚证腰痛，加芪术杜仲续断牛膝,1.0,1,0.084,0.0,,,,,,,,,
方剂::化寒痰止痛,方剂,化寒痰止痛,1.0,1,0.017,0.0,,,,,,,,,
方剂::清热利湿,方剂,清热利湿,1.0,1,0.084,0.0,,,,,,,,,
方剂::猪肤为主的滋阴方,方剂,猪肤为主的滋阴方,1.0,1,0.084,0.0,,,,,,,,,
方剂::猪肾为主的补益方,方剂,猪肾为主的补益方,1.0,1,0.084,0.0,,,,,,,,,
方剂::肾督阳虚，脊软腿酸,方剂,肾督阳虚，脊软腿酸,1.0,1,0.084,0.0,,,,,,,,,
方剂::外用熏洗两足痿软,方剂,外用熏洗两足痿软,1.0,1,0.084,0.0,,,,,,,,,
"方剂::原文明确记载""治肾肝损骨痿不能起于床""",方剂,"原文明确记载""治肾肝损骨痿不能起于床""",1.0,1,0.084,0.0,,,,,,,,,
方剂::山药,方剂,山药,1.0,1,0.084,0.0,C3,,,,,,,,
方剂::虚劳久病服之可愈,方剂,虚劳久病服之可愈,1.0,1,0.084,0.0,,,,,,,,,
方剂::木香,方剂,木香,1.0,1,0.084,0.0,,,,,,,,,
方剂::煎汤熏洗，用于痿软疼痹,方剂,煎汤熏洗，用于痿软疼痹,1.0,1,0.084,0.0,,,,,,,,,
方剂::外用熏洗筋骨痿软,方剂,外用熏洗筋骨痿软,1.0,1,0.084,0.0,,,,,,,,,
方剂::入膏剂外用，治疗折伤肿痛,方剂,入膏剂外用，治疗折伤肿痛,1.0,1,0.017,0.0,,,,,,,,,
方剂::大黄牡丹汤,方剂,大黄牡丹汤,1.0,1,0.017,0.0,,,,,,,,,
方剂::为末内服，以利下恶物,方剂,为末内服，以利下恶物,1.0,1,0.017,0.0,,,,,,,,,
方剂::大安丸,方剂,大安丸,1.0,1,0.084,0.0,,,,,,,,,
方剂::大病后食减盗汗,方剂,大病后食减盗汗,1.0,1,0.084,0.0,,,,,,,,,
方剂::人参白术当归地黄汤,方剂,人参白术当归地黄汤,1.0,1,0.084,0.0,,,,,,,,,
方剂::内服，治伤骨折及血黯,方剂,内服，治伤骨折及血黯,1.0,1,0.017,0.0,,,,,,,,,
方剂::治积病不散，症见骨痿少气,方剂,治积病不散，症见骨痿少气,1.0,1,0.084,0.0,,,,,,,,,
方剂::清热明目,方剂,清热明目,1.0,1,0.084,0.0,,,,,,,,,
方剂::甘露饮,方剂,甘露饮,1.0,1,0.084,0.0,,,,,,,,,
方剂::补肾强骨,方剂,补肾强骨,1.0,1,0.084,0.0,,,,,,,,,
方剂::治脾经脊庀腹不痛,方剂,治脾经脊庀腹不痛,1.0,1,0.068,0.0,,,,,,,,,
方剂::治遗精白浊,方剂,治遗精白浊,1.0,1,0.084,0.0,,,,,,,,,
方剂::峻下逐水,方剂,峻下逐水,1.0,1,0.034,0.0,,,,,,,,,
方剂::干枣汤,方剂,干枣汤,1.0,1,0.034,0.0,,,,,,,,,
方剂::附子,方剂,附子,1.0,1,0.034,0.0,C0,,,,,,,,
方剂::行气消滞,方剂,行气消滞,1.0,1,0.084,0.0,,,,,,,,,
方剂::犀角等,方剂,犀角等,1.0,1,0.084,0.0,,,,,,,,,
方剂::猪肚为主的补益方,方剂,猪肚为主的补益方,1.0,1,0.084,0.0,,,,,,,,,
方剂::薤根,方剂,薤根,1.0,1,0.017,0.0,,,,,,,,,
方剂::子和涌法方,方剂,子和涌法方,1.0,1,0.084,0.0,,,,,,,,,
方剂::滋阴润筋骨,方剂,滋阴润筋骨,1.0,1,0.084,0.0,,,,,,,,,
方剂::茯苓,方剂,茯苓,1.0,1,0.017,0.0,C3,,,,,,,,
方剂::黄芪,方剂,黄芪,1.0,1,0.034,0.0,C0,,,,,,,,
方剂::苍术白术二陈汤,方剂,苍术白术二陈汤,1.0,1,0.084,0.0,,,,,,,,,
方剂::作为主要治法方药之一,方剂,作为主要治法方药之一,1.0,1,0.084,0.0,,,,,,,,,
方剂::主方，用于痿证调补,方剂,主方，用于痿证调补,1.0,1,0.084,0.0,,,,,,,,,
方剂::四筋丸,方剂,四筋丸,1.0,1,0.084,0.0,,,,,,,,,
方剂::补肾填精，为主方,方剂,补肾填精，为主方,1.0,1,0.034,0.0,,,,,,,,,
朝代::清,朝代,清,0.0,231,231.0,0.02189,,,,,,,,,
朝代::明,朝代,明,0.0,91,91.0,0.00428,,,,,,,,,
朝代::民国,朝代,民国,0.0,25,25.0,0.00052,,,,,,,,,
朝代::现代,朝代,现代,0.0,89,89.0,0.00465,,,,,,,,,
朝代::隋唐五代,朝代,隋唐五代,0.0,16,16.0,0.00013,,,,,,,,,
朝代::金元,朝代,金元,0.0,50,50.0,0.00226,,,,,,,,,
朝代::魏晋南北朝,朝代,魏晋南北朝,0.0,8,8.0,3e-05,,,,,,,,,
朝代::宋,朝代,宋,0.0,4,4.0,0.0,,,,,,,,,
朝代::未知,朝代,未知,0.0,1,1.0,0.0,,,,,,,,,
朝代::秦汉,朝代,秦汉,0.0,1,1.0,0.0,,,,,,,,,
治法::中药内服,治法,中药内服,806.0,806,120.818,0.25037,,,,,,,,,
治法::针刺,治法,针刺,77.0,77,14.024,0.00184,,,,,,,,,
治法::中药外用,治法,中药外用,165.0,165,15.368,0.01682,,,,,,,,,
治法::艾灸,治法,艾灸,50.0,50,7.597,0.00183,,,,,,,,,
现代临床锚点::Age-related osteoporosis context,现代临床锚点,Age-related osteoporosis context,15.0,17,8.565,0.00115,,,,,,,,population_context,原发性-老年型
现代临床锚点::Postmenopausal osteoporosis context,现代临床锚点,Postmenopausal osteoporosis context,8.0,10,4.41,0.00067,,,,,,,,population_context,原发性-绝经后型
现代临床锚点::Pregnancy/lactation-associated osteoporosis context,现代临床锚点,Pregnancy/lactation-associated osteoporosis context,11.0,12,2.651,0.00012,,,,,,,,population_context,妊娠-哺乳相关骨质疏松
症状体征::活动受限,症状体征,活动受限,164.0,165,35.897,0.01784,,,,,,,,,
症状体征::骨痛,症状体征,骨痛,149.0,150,27.201,0.01242,,,,,,,,,
症状体征::乏力,症状体征,乏力,81.0,82,14.093,0.00351,,,,,,,,,
症状体征::腰背痛,症状体征,腰背痛,119.0,120,26.835,0.00787,,,,,,,,,
症状体征::步态不稳,症状体征,步态不稳,93.0,94,17.034,0.00459,,,,,,,,,
症状体征::驼背,症状体征,驼背,75.0,76,15.11,0.00385,,,,,,,,,
症状体征::骨折,症状体征,骨折,10.0,11,2.2,0.00231,,,,,,,,,
症状体征::身高变矮,症状体征,身高变矮,7.0,8,0.695,0.00032,,,,,,,,,
经络::足太阳膀胱经,经络,足太阳膀胱经,0.0,30,30.0,9e-05,,,,,,,,,
经络::足少阴肾经,经络,足少阴肾经,0.0,18,18.0,2e-05,,,,,,,,,
经络::足少阳胆经,经络,足少阳胆经,0.0,20,20.0,2e-05,,,,,,,,,
经络::足阳明胃经,经络,足阳明胃经,0.0,21,21.0,4e-05,,,,,,,,,
经络::足太阴脾经,经络,足太阴脾经,0.0,9,9.0,1e-05,,,,,,,,,
经络::足厥阴肝经,经络,足厥阴肝经,0.0,10,10.0,1e-05,,,,,,,,,
经络::任脉,经络,任脉,0.0,9,9.0,1e-05,,,,,,,,,
经络::督脉,经络,督脉,0.0,11,11.0,2e-05,,,,,,,,,
经络::经外奇穴,经络,经外奇穴,0.0,8,8.0,1e-05,,,,,,,,,
经络::手阳明大肠经,经络,手阳明大肠经,0.0,6,6.0,0.0,,,,,,,,,
经络::手厥阴心包经,经络,手厥阴心包经,0.0,3,3.0,0.0,,,,,,,,,
经络::手少阳三焦经,经络,手少阳三焦经,0.0,6,6.0,0.0,,,,,,,,,
经络::手太阴肺经,经络,手太阴肺经,0.0,5,5.0,0.0,,,,,,,,,
经络::手少阴心经,经络,手少阴心经,0.0,3,3.0,0.0,,,,,,,,,
经络::手太阳小肠经,经络,手太阳小肠经,0.0,2,2.0,0.0,,,,,,,,,
腧穴::太溪,腧穴,太溪,15.0,16,5.113,0.00013,,,,,足少阴肾经,,,,
腧穴::商丘,腧穴,商丘,13.0,14,3.46,8e-05,,,,,足太阴脾经,,,,
腧穴::委中,腧穴,委中,13.0,14,4.3,8e-05,,,,,足太阳膀胱经,,,,
腧穴::带脉,腧穴,带脉,13.0,14,4.623,0.00028,,,,,足少阳胆经,,,,
腧穴::涌泉,腧穴,涌泉,12.0,13,4.458,8e-05,,,,,足少阴肾经,,,,
腧穴::足三里,腧穴,足三里,15.0,16,4.6,0.00011,,,,,足阳明胃经,,,,
腧穴::悬钟,腧穴,悬钟,15.0,16,3.955,0.00035,,,,,足少阳胆经,,,,
腧穴::阳陵泉,腧穴,阳陵泉,15.0,16,3.165,0.00028,,,,,足少阳胆经,,,,
腧穴::丰隆,腧穴,丰隆,12.0,13,4.235,6e-05,,,,,足阳明胃经,,,,
腧穴::申脉,腧穴,申脉,11.0,12,3.976,3e-05,,,,,足太阳膀胱经,,,,
腧穴::昆仑,腧穴,昆仑,11.0,12,3.587,3e-05,,,,,足太阳膀胱经,,,,
腧穴::关元,腧穴,关元,14.0,15,4.242,0.0006,,,,,任脉,,,,
腧穴::膝眼,腧穴,膝眼,10.0,11,3.681,0.00015,,,,,经外奇穴,,,,
腧穴::肾俞,腧穴,肾俞,12.0,13,3.707,3e-05,,,,,足太阳膀胱经,,,,
腧穴::中封,腧穴,中封,12.0,13,3.792,0.00042,,,,,足厥阴肝经,,,,
腧穴::束骨,腧穴,束骨,12.0,13,3.578,0.00011,,,,,足太阳膀胱经,,,,
腧穴::然谷,腧穴,然谷,10.0,11,3.722,7e-05,,,,,足少阴肾经,,,,
腧穴::小骨空,腧穴,小骨空,10.0,11,3.673,0.00015,,,,,经外奇穴,,,,
腧穴::曲池,腧穴,曲池,11.0,12,3.39,0.00011,,,,,手阳明大肠经,,,,
腧穴::心俞,腧穴,心俞,10.0,11,3.665,2e-05,,,,,足太阳膀胱经,,,,
腧穴::照海,腧穴,照海,11.0,12,3.34,4e-05,,,,,足少阴肾经,,,,
腧穴::大陵,腧穴,大陵,12.0,13,3.343,0.00087,,,,,手厥阴心包经,,,,
腧穴::太冲,腧穴,太冲,14.0,15,3.466,0.00049,,,,,足厥阴肝经,,,,
腧穴::阴交,腧穴,阴交,11.0,12,3.384,0.00027,,,,,任脉,,,,
腧穴::复溜,腧穴,复溜,12.0,13,3.217,8e-05,,,,,足少阴肾经,,,,
腧穴::印堂,腧穴,印堂,10.0,11,3.362,6e-05,,,,,督脉,,,,
腧穴::迎香,腧穴,迎香,10.0,11,3.362,7e-05,,,,,手阳明大肠经,,,,
腧穴::丘墟,腧穴,丘墟,12.0,13,3.691,0.00023,,,,,足少阳胆经,,,,
腧穴::横骨,腧穴,横骨,10.0,11,3.599,8e-05,,,,,足少阴肾经,,,,
腧穴::内关,腧穴,内关,10.0,11,3.373,0.00061,,,,,手厥阴心包经,,,,
腧穴::五枢,腧穴,五枢,9.0,10,3.308,7e-05,,,,,足少阳胆经,,,,
腧穴::腕骨,腧穴,腕骨,11.0,12,2.917,0.00056,,,,,手太阳小肠经,,,,
腧穴::尺泽,腧穴,尺泽,9.0,10,3.308,0.00011,,,,,手太阴肺经,,,,
腧穴::解溪,腧穴,解溪,10.0,11,2.785,4e-05,,,,,足阳明胃经,,,,
腧穴::髋骨,腧穴,髋骨,9.0,10,3.011,9e-05,,,,,经外奇穴,,,,
腧穴::至阴,腧穴,至阴,8.0,9,2.231,4e-05,,,,,足太阳膀胱经,,,,
腧穴::风池,腧穴,风池,9.0,10,2.931,7e-05,,,,,足少阳胆经,,,,
腧穴::鸠尾,腧穴,鸠尾,9.0,10,2.931,0.00014,,,,,任脉,,,,
腧穴::天枢,腧穴,天枢,9.0,10,2.931,2e-05,,,,,足阳明胃经,,,,
腧穴::期门,腧穴,期门,9.0,10,2.931,0.00012,,,,,足厥阴肝经,,,,
腧穴::风门,腧穴,风门,9.0,10,2.931,1e-05,,,,,足太阳膀胱经,,,,
腧穴::水分,腧穴,水分,9.0,10,3.229,0.00014,,,,,任脉,,,,
腧穴::京骨,腧穴,京骨,11.0,12,2.814,0.00011,,,,,足太阳膀胱经,,,,
腧穴::阳辅,腧穴,阳辅,9.0,10,1.709,9e-05,,,,,足少阳胆经,,,,
腧穴::气穴,腧穴,气穴,8.0,9,1.998,5e-05,,,,,足少阴肾经,,,,
腧穴::太白,腧穴,太白,11.0,12,2.425,0.00016,,,,,足太阴脾经,,,,
腧穴::神庭,腧穴,神庭,9.0,10,2.916,5e-05,,,,,督脉,,,,
腧穴::风市,腧穴,风市,12.0,13,2.34,0.00013,,,,,足少阳胆经,,,,
腧穴::阴陵泉,腧穴,阴陵泉,12.0,13,2.34,9e-05,,,,,足太阴脾经,,,,
腧穴::阴市,腧穴,阴市,10.0,11,2.707,2e-05,,,,,足阳明胃经,,,,
腧穴::筋缩,腧穴,筋缩,6.0,7,1.707,6e-05,,,,,督脉,,,,
腧穴::风府,腧穴,风府,10.0,11,2.128,0.00021,,,,,督脉,,,,
腧穴::阳交,腧穴,阳交,7.0,8,1.348,7e-05,,,,,足少阳胆经,,,,
腧穴::间使,腧穴,间使,11.0,12,2.211,0.00079,,,,,手厥阴心包经,,,,
腧穴::天井,腧穴,天井,11.0,12,2.211,0.00017,,,,,手少阳三焦经,,,,
腧穴::肺俞,腧穴,肺俞,9.0,10,2.541,5e-05,,,,,足太阳膀胱经,,,,
腧穴::通里,腧穴,通里,9.0,10,2.738,0.00021,,,,,手少阴心经,,,,
腧穴::中脘,腧穴,中脘,7.0,8,2.032,0.00046,,,,,任脉,,,,
腧穴::环跳,腧穴,环跳,8.0,9,1.726,9e-05,,,,,足少阳胆经,,,,
腧穴::神门,腧穴,神门,9.0,10,2.211,0.00021,,,,,手少阴心经,,,,
腧穴::大敦,腧穴,大敦,9.0,10,2.211,0.00012,,,,,足厥阴肝经,,,,
腧穴::膏肓,腧穴,膏肓,9.0,10,2.211,1e-05,,,,,足太阳膀胱经,,,,
腧穴::三阴交,腧穴,三阴交,8.0,9,1.879,0.00011,,,,,足太阴脾经,,,,
腧穴::光明,腧穴,光明,10.0,11,2.472,0.00029,,,,,足少阳胆经,,,,
腧穴::缺盆,腧穴,缺盆,7.0,8,2.379,4e-05,,,,,足阳明胃经,,,,
腧穴::白环俞,腧穴,白环俞,7.0,8,1.436,2e-05,,,,,足太阳膀胱经,,,,
腧穴::膝关,腧穴,膝关,11.0,12,1.918,0.00021,,,,,足厥阴肝经,,,,
腧穴::关冲,腧穴,关冲,8.0,9,2.555,8e-05,,,,,手少阳三焦经,,,,
腧穴::攒竹,腧穴,攒竹,8.0,9,1.96,1e-05,,,,,足太阳膀胱经,,,,
腧穴::筑宾,腧穴,筑宾,7.0,8,2.101,5e-05,,,,,足少阴肾经,,,,
腧穴::髀关,腧穴,髀关,9.0,10,1.607,4e-05,,,,,足阳明胃经,,,,
腧穴::行间,腧穴,行间,6.0,7,1.8,0.00031,,,,,足厥阴肝经,,,,
腧穴::内庭,腧穴,内庭,6.0,7,1.8,5e-05,,,,,足阳明胃经,,,,
腧穴::仆参,腧穴,仆参,6.0,7,1.666,2e-05,,,,,足太阳膀胱经,,,,
腧穴::水道,腧穴,水道,9.0,10,1.464,3e-05,,,,,足阳明胃经,,,,
腧穴::俞府,腧穴,俞府,7.0,8,1.937,1e-05,,,,,足少阴肾经,,,,
腧穴::肩髃,腧穴,肩髃,7.0,8,1.937,4e-05,,,,,手阳明大肠经,,,,
腧穴::头维,腧穴,头维,7.0,8,1.937,1e-05,,,,,足阳明胃经,,,,
腧穴::乳根,腧穴,乳根,7.0,8,1.937,1e-05,,,,,足阳明胃经,,,,
腧穴::下髎,腧穴,下髎,3.0,4,1.67,0.0,,,,,足太阳膀胱经,,,,
腧穴::交信,腧穴,交信,7.0,8,1.76,5e-05,,,,,足少阴肾经,,,,
腧穴::下廉,腧穴,下廉,8.0,9,1.91,0.00027,,,,,手阳明大肠经,,,,
腧穴::大杼,腧穴,大杼,8.0,9,1.713,4e-05,,,,,足太阳膀胱经,,,,
腧穴::犊鼻,腧穴,犊鼻,7.0,8,1.238,3e-05,,,,,足阳明胃经,,,,
腧穴::委阳,腧穴,委阳,6.0,7,1.737,4e-05,,,,,足太阳膀胱经,,,,
腧穴::足临泣,腧穴,足临泣,4.0,5,1.194,5e-05,,,,,足少阳胆经,,,,
腧穴::二白,腧穴,二白,9.0,10,1.909,9e-05,,,,,经外奇穴,,,,
腧穴::液门,腧穴,液门,8.0,9,1.873,8e-05,,,,,手少阳三焦经,,,,
腧穴::合谷,腧穴,合谷,8.0,9,1.873,5e-05,,,,,手阳明大肠经,,,,
腧穴::中渚,腧穴,中渚,8.0,9,1.873,8e-05,,,,,手少阳三焦经,,,,
腧穴::脊中,腧穴,脊中,5.0,6,1.67,3e-05,,,,,督脉,,,,
腧穴::上廉,腧穴,上廉,6.0,7,1.194,8e-05,,,,,手阳明大肠经,,,,
腧穴::会阴,腧穴,会阴,6.0,7,1.599,0.00018,,,,,任脉,,,,
腧穴::合阳,腧穴,合阳,6.0,7,1.554,2e-05,,,,,足太阳膀胱经,,,,
腧穴::长强,腧穴,长强,5.0,6,1.67,0.00013,,,,,督脉,,,,
腧穴::冲阳,腧穴,冲阳,6.0,7,1.529,3e-05,,,,,足阳明胃经,,,,
腧穴::承山,腧穴,承山,6.0,7,1.529,2e-05,,,,,足太阳膀胱经,,,,
腧穴::陷谷,腧穴,陷谷,3.0,4,1.726,3e-05,,,,,足阳明胃经,,,,
腧穴::大骨空,腧穴,大骨空,1.0,2,1.146,1e-05,,,,,经外奇穴,,,,
腧穴::京门,腧穴,京门,6.0,7,1.119,5e-05,,,,,足少阳胆经,,,,
腧穴::四满,腧穴,四满,4.0,5,1.653,2e-05,,,,,足少阴肾经,,,,
腧穴::阴谷,腧穴,阴谷,4.0,5,1.653,2e-05,,,,,足少阴肾经,,,,
腧穴::大赫,腧穴,大赫,4.0,5,1.653,2e-05,,,,,足少阴肾经,,,,
腧穴::肓俞,腧穴,肓俞,4.0,5,1.653,2e-05,,,,,足少阴肾经,,,,
腧穴::中注,腧穴,中注,4.0,5,1.653,2e-05,,,,,足少阴肾经,,,,
腧穴::伏兔,腧穴,伏兔,7.0,8,1.568,4e-05,,,,,足阳明胃经,,,,
腧穴::条口,腧穴,条口,5.0,6,1.204,2e-05,,,,,足阳明胃经,,,,
腧穴::承筋,腧穴,承筋,6.0,7,1.191,1e-05,,,,,足太阳膀胱经,,,,
腧穴::中都,腧穴,中都,6.0,7,1.191,0.00016,,,,,足厥阴肝经,,,,
腧穴::膀胱俞,腧穴,膀胱俞,6.0,7,1.191,1e-05,,,,,足太阳膀胱经,,,,
腧穴::公孙,腧穴,公孙,6.0,7,1.806,8e-05,,,,,足太阴脾经,,,,
腧穴::太渊,腧穴,太渊,7.0,8,1.377,0.00021,,,,,手太阴肺经,,,,
腧穴::地仓,腧穴,地仓,6.0,7,1.484,5e-05,,,,,足阳明胃经,,,,
腧穴::列缺,腧穴,列缺,4.0,5,1.187,8e-05,,,,,手太阴肺经,,,,
腧穴::漏谷,腧穴,漏谷,4.0,5,1.187,3e-05,,,,,足太阴脾经,,,,
腧穴::曲泉,腧穴,曲泉,4.0,5,1.187,0.00012,,,,,足厥阴肝经,,,,
腧穴::天柱,腧穴,天柱,7.0,8,1.321,4e-05,,,,,足太阳膀胱经,,,,
腧穴::中髎,腧穴,中髎,3.0,4,1.402,0.0,,,,,足太阳膀胱经,,,,
腧穴::上髎,腧穴,上髎,3.0,4,1.402,0.0,,,,,足太阳膀胱经,,,,
腧穴::次髎,腧穴,次髎,3.0,4,1.402,0.0,,,,,足太阳膀胱经,,,,
腧穴::幽门,腧穴,幽门,4.0,5,1.383,2e-05,,,,,足少阴肾经,,,,
腧穴::膈俞,腧穴,膈俞,6.0,7,1.304,4e-05,,,,,足太阳膀胱经,,,,
腧穴::上关,腧穴,上关,3.0,4,1.141,4e-05,,,,,足少阳胆经,,,,
腧穴::殷门,腧穴,殷门,4.0,5,1.383,1e-05,,,,,足太阳膀胱经,,,,
腧穴::水泉,腧穴,水泉,4.0,5,1.383,1e-05,,,,,足少阴肾经,,,,
腧穴::地机,腧穴,地机,4.0,5,1.383,3e-05,,,,,足太阴脾经,,,,
腧穴::百劳,腧穴,百劳,5.0,6,1.422,7e-05,,,,,经外奇穴,,,,
腧穴::颊车,腧穴,颊车,5.0,6,1.422,2e-05,,,,,足阳明胃经,,,,
腧穴::大钟,腧穴,大钟,5.0,6,1.422,2e-05,,,,,足少阴肾经,,,,
腧穴::蠡沟,腧穴,蠡沟,5.0,6,1.422,0.00018,,,,,足厥阴肝经,,,,
腧穴::百会,腧穴,百会,5.0,6,1.422,2e-05,,,,,督脉,,,,
腧穴::外丘,腧穴,外丘,5.0,6,1.084,5e-05,,,,,足少阳胆经,,,,
腧穴::消泺,腧穴,消泺,5.0,6,1.084,0.0001,,,,,手少阳三焦经,,,,
腧穴::少海,腧穴,少海,4.0,5,1.068,0.00017,,,,,手少阴心经,,,,
腧穴::侠溪,腧穴,侠溪,4.0,5,1.068,5e-05,,,,,足少阳胆经,,,,
腧穴::大包,腧穴,大包,4.0,5,1.338,6e-05,,,,,足太阴脾经,,,,
腧穴::上星,腧穴,上星,4.0,5,1.068,4e-05,,,,,督脉,,,,
腧穴::天府,腧穴,天府,4.0,5,1.068,6e-05,,,,,手太阴肺经,,,,
腧穴::天牖,腧穴,天牖,4.0,5,1.068,8e-05,,,,,手少阳三焦经,,,,
腧穴::飞扬,腧穴,飞扬,4.0,5,1.068,1e-05,,,,,足太阳膀胱经,,,,
腧穴::完骨,腧穴,完骨,4.0,5,1.068,5e-05,,,,,足少阳胆经,,,,
腧穴::厉兑,腧穴,厉兑,4.0,5,1.068,1e-05,,,,,足阳明胃经,,,,
腧穴::隐白,腧穴,隐白,4.0,5,1.068,3e-05,,,,,足太阴脾经,,,,
腧穴::浮白,腧穴,浮白,4.0,5,1.068,5e-05,,,,,足少阳胆经,,,,
腧穴::至阳,腧穴,至阳,4.0,5,1.068,4e-05,,,,,督脉,,,,
腧穴::中渎,腧穴,中渎,4.0,5,1.068,5e-05,,,,,足少阳胆经,,,,
腧穴::肩井,腧穴,肩井,4.0,5,1.338,0.00013,,,,,足少阳胆经,,,,
腧穴::气冲,腧穴,气冲,4.0,5,1.338,5e-05,,,,,足阳明胃经,,,,
腧穴::脑户,腧穴,脑户,1.0,2,1.047,1e-05,,,,,督脉,,,,
腧穴::大迎,腧穴,大迎,1.0,2,1.047,0.0,,,,,足阳明胃经,,,,
腧穴::金门,腧穴,金门,3.0,4,1.051,0.0,,,,,足太阳膀胱经,,,,
腧穴::云门,腧穴,云门,3.0,4,1.253,0.00015,,,,,手太阴肺经,,,,
腧穴::膻中,腧穴,膻中,3.0,4,1.253,0.00026,,,,,任脉,,,,
腧穴::章门,腧穴,章门,3.0,4,1.253,0.0002,,,,,足厥阴肝经,,,,
腧穴::紫宫,腧穴,紫宫,3.0,4,1.051,0.00013,,,,,任脉,,,,
腧穴::玉堂,腧穴,玉堂,3.0,4,1.051,0.00013,,,,,任脉,,,,
腧穴::小肠俞,腧穴,小肠俞,2.0,3,1.034,1e-05,,,,,足太阳膀胱经,,,,
腧穴::颧髎,腧穴,颧髎,1.0,2,1.017,4e-05,,,,,手太阳小肠经,,,,
腧穴::哑门,腧穴,哑门,1.0,2,1.017,1e-05,,,,,督脉,,,,
腧穴::子宫,腧穴,子宫,1.0,2,1.017,1e-05,,,,,经外奇穴,,,,
腧穴::中魁,腧穴,中魁,1.0,2,1.017,1e-05,,,,,经外奇穴,,,,
证型::肝肾阴虚证,证型,肝肾阴虚证,448.0,449,88.303,0.07107,,,,,,,,,
证型::肾阳虚证,证型,肾阳虚证,455.0,456,59.027,0.07328,,,,,,,,,
证型::肾虚血瘀证,证型,肾虚血瘀证,261.0,262,37.021,0.0234,,,,,,,,,
证型::脾胃虚弱证,证型,脾胃虚弱证,140.0,141,28.481,0.00691,,,,,,,,,
证型::脾肾阳虚证,证型,脾肾阳虚证,133.0,134,21.489,0.00748,,,,,,,,,
证型::血瘀气滞证,证型,血瘀气滞证,107.0,108,5.375,0.0078,,,,,,,,,
证型::风寒湿痹证,证型,风寒湿痹证,55.0,56,3.532,0.00147,,,,,,,,,
转归::痊愈,转归,痊愈,19.0,19,5.194,0.00017,,,,,,,,,
转归::好转,转归,好转,18.0,18,4.885,0.00014,,,,,,,,,
转归::死亡,转归,死亡,7.0,7,2.284,1e-05,,,,,,,,,
转归::未愈,转归,未愈,11.0,11,1.966,5e-05,,,,,,,,,
现代临床锚点::Osteoporosis,现代临床锚点,Osteoporosis,0.0,24,4.332,0.00414,,,,,,,,disease_context,
现代临床锚点::Fragility fracture,现代临床锚点,Fragility fracture,0.0,2,1.054,0.0,,,,,,,,fragility_phenotype,
现代临床锚点::Vertebral fragility fracture,现代临床锚点,Vertebral fragility fracture,0.0,3,1.286,0.00059,,,,,,,,fragility_phenotype,
现代临床锚点::Functional impairment,现代临床锚点,Functional impairment,0.0,1,0.218,0.0,,,,,,,,functional_phenotype,
现代临床锚点::Gait instability / fall risk,现代临床锚点,Gait instability / fall risk,0.0,1,0.181,0.0,,,,,,,,functional_phenotype,
现代临床锚点::DXA/BMD assessment,现代临床锚点,DXA/BMD assessment,0.0,3,3.0,0.0,,,,,,,,assessment,
现代临床锚点::T-score,现代临床锚点,T-score,0.0,1,1.0,0.0,,,,,,,,assessment,
现代临床锚点::Fracture-risk assessment,现代临床锚点,Fracture-risk assessment,0.0,2,2.0,2e-05,,,,,,,,assessment,
现代临床锚点::Vertebral fracture assessment,现代临床锚点,Vertebral fracture assessment,0.0,1,1.0,0.0,,,,,,,,assessment,
